id,name,artist,danceability,energy,key,loudness,mode,speechiness,acousticness,instrumentalness,liveness,valence,tempo,time_signature
7ItdbXWEVH8TNhmAQuc0O5,Yendo A La Casa De Damián,El Cuarteto De Nos,0.661,0.768,9,-5.182,0,0.0392,0.057,0.0,0.208,0.515,105.929,4
3gTq1WoOHWfyuCkIaCgjYS,Last Man On Earth,Anna Bates,0.339,0.482,0,-8.047,0,0.0453,0.535,0.0,0.173,0.276,179.232,3
2W779g2UrRZtVdf3FcEOO1,In My Mind,Lyn Lapid,0.668,0.392,2,-12.178,0,0.0585,0.789,0.00275,0.345,0.323,135.936,3
6OTGRlCpPGMpPM96g62d2R,Grecia,Elsa y Elmar,0.783,0.508,4,-8.92,1,0.0704,0.851,0.000183,0.127,0.295,99.007,4
5fnOBfS48q2dQxlHY7vA27,Mysterious Vibes,Beat Merchantz,0.558,0.622,11,-9.013,1,0.0342,0.000138,0.118,0.112,0.542,93.058,4
31MNHKE86sEXzIglbGQ6mu,Got Me Started,Troye Sivan,0.777,0.686,7,-6.498,0,0.0308,0.223,0.00148,0.318,0.582,127.002,4
4ZnkygoWLzcGbQYCm3lkae,Rush,Troye Sivan,0.743,0.837,5,-7.634,0,0.0633,0.00288,2.86e-05,0.104,0.378,126.023,4
5Eh1nj7IjV9lwpcKAkidyY,One Of Your Girls,Troye Sivan,0.629,0.654,11,-7.852,0,0.0584,0.0878,0.00655,0.22,0.799,93.034,4
0a64exvT5aKVaRSmAVMaCT,To Love,Suki Waterhouse,0.285,0.697,2,-4.448,1,0.0354,0.0158,6.25e-05,0.104,0.204,156.842,3
6gH2V6XzhDXfTqml6c2w4Z,Johanna,Suki Waterhouse,0.528,0.824,9,-4.095,1,0.0346,0.016,7.14e-05,0.237,0.609,119.959,4
6TT7B4MigCJCc0tqKYEpZC,Moves,Suki Waterhouse,0.574,0.44,0,-8.274,1,0.024,0.579,0.0,0.348,0.365,84.992,4
0j3mqDTK4Z6lvrLzFCUUz6,Good Looking,Suki Waterhouse,0.364,0.554,4,-9.076,1,0.0301,0.077,0.000297,0.125,0.257,150.079,3
3gV7y7IwafryNLEnhh9gKb,Nostalgia,Suki Waterhouse,0.518,0.445,6,-7.612,1,0.027,0.0677,0.0,0.123,0.404,153.988,4
6xFuNkWwiZDRSXi5Rmpl1U,My Friend,Ricardo Marrero,0.584,0.711,7,-11.332,1,0.0481,0.713,0.6,0.0653,0.872,121.036,4
23rdcrD0Eky4vYn2TZidxJ,Runaway,AURORA,0.459,0.276,11,-10.339,1,0.036,0.63,9.5e-05,0.104,0.128,114.169,4
1Ukxccao1BlWrPhYkcXbwZ,From The Start,Laufey,0.664,0.405,1,-7.413,1,0.08,0.877,0.000765,0.11,0.743,81.89,3
1mskmld5ZKEhRaNvYVPoqZ,Gloria,Laura Branigan,0.776,0.743,9,-6.807,1,0.0289,0.107,0.293,0.149,0.84,131.343,4
6JNJERZGJwDVgkmbohBw7u,Self Control,Laura Branigan,0.814,0.686,6,-12.172,0,0.0342,0.219,0.00382,0.155,0.778,106.679,4
52J5O5f3ZxoOpcXDWyFjmU,Caiga la Noche,Los Mesoneros,0.412,0.689,9,-9.221,0,0.0378,0.297,0.00857,0.0988,0.208,118.415,4
5kcuHw8WtxauIWI5crMcLM,Tornado Warnings,Sabrina Carpenter,0.7,0.571,3,-7.713,1,0.0591,0.171,0.0,0.0938,0.579,115.036,4
5RbIyBlAdDw8v64VWU6PcL,El Paraíso,Los Mesoneros,0.573,0.674,2,-7.928,1,0.037,0.005,0.000138,0.0996,0.75,90.554,4
2Zo1PcszsT9WQ0ANntJbID,Feather,Sabrina Carpenter,0.787,0.686,6,-4.37,0,0.0339,0.0893,0.0,0.0927,0.836,123.51,4
6Alp15t6urC4opjJiyOqZu,Vicious,Sabrina Carpenter,0.721,0.457,0,-6.916,1,0.159,0.308,0.0,0.258,0.63,129.98,4
2LawezPeJhN4AWuSB0GtAU,Have You Ever Seen The Rain,Creedence Clearwater Revival,0.741,0.697,0,-7.028,1,0.0277,0.0664,2.28e-05,0.133,0.774,116.109,4
395dNtREg9CV943xnYim8c,"Do You Want To Know A Secret - Live At The BBC For ""Pop Go The Beatles"" / 30th July, 1963",The Beatles,0.551,0.352,1,-11.919,0,0.0314,0.65,0.0,0.471,0.717,135.669,4
16XEqGIk7LI931gUmuweLA,Buy the Stars,MARINA,0.653,0.272,0,-8.111,1,0.0286,0.953,2.83e-06,0.0937,0.258,114.983,4
2BHj31ufdEqVK5CkYDp9mA,Mayonaka no Door / Stay With Me,Miki Matsubara,0.658,0.747,5,-6.615,1,0.0431,0.176,8.49e-06,0.0789,0.792,108.259,4
7BY005dacJkbO6EPiOh2wb,House Of The Rising Sun,The Animals,0.295,0.584,9,-6.696,0,0.0345,0.000385,0.218,0.0996,0.228,117.2,3
2rgSIVrs7I8FZTNi3YGtMW,Mi Historia Entre Tus Dedos,Gianluca Grignani,0.611,0.546,0,-6.195,1,0.0362,0.359,0.0,0.071,0.483,157.849,4
3yzHIAzk3zVE1WgspS8W21,Vivir Así Es Morir de Amor,Camilo Sesto,0.527,0.689,8,-5.684,1,0.0681,0.614,0.0,0.381,0.691,102.24,4
6RRATGxmfuG7yESPXfdysv,La Playa,La Oreja de Van Gogh,0.589,0.614,9,-3.954,1,0.0247,0.161,0.0,0.104,0.352,88.43,4
5FK4Y5luRnSehXbEIfd7L4,Susana,Fausto,0.56,0.7,10,-10.758,0,0.0414,0.733,1.09e-05,0.706,0.741,96.95,4
4yEJ1SNpgfK5GPx3Y0YhIU,Motivos,Luis Miguel,0.234,0.409,0,-7.478,1,0.0301,0.703,0.0,0.355,0.329,177.682,4
6F9yAYUaNbUhdlQyt5uZ3b,La Incondicional,Luis Miguel,0.374,0.727,10,-4.352,1,0.0309,0.237,0.0,0.134,0.283,155.127,4
6QTGiIuNopQu1iV2aa0fDS,Pink (From Barbie The Album),Lizzo,0.861,0.611,1,-7.891,1,0.0427,0.0764,0.0,0.0763,0.803,114.995,4
3NRql0A1Ef4RCvT473iqgD,Hell N Back,Bakar,0.584,0.684,10,-4.314,0,0.567,0.312,9.05e-05,0.112,0.72,210.164,4
4Ub8UsjWuewQrPhuepfVpd,Pompeii,Bastille,0.679,0.715,9,-6.383,1,0.0407,0.0755,0.0,0.271,0.571,127.435,4
3oL3XRtkP1WVbMxf7dtTdu,The One That Got Away,Katy Perry,0.687,0.792,1,-4.023,0,0.0353,0.000802,0.0,0.2,0.864,133.962,4
7jPdqwZug0ovtDZsY5uK4T,I’m Just Ken (From Barbie The Album),Ryan Gosling,0.352,0.628,1,-6.259,1,0.0428,0.0264,4.74e-05,0.0952,0.387,140.431,4
7dITAq1YP5e0kTcaDq4YWI,Limón y Sal,Julieta Venegas,0.634,0.649,11,-6.056,1,0.0255,0.138,0.0,0.288,0.491,111.03,4
100Tm6z29RfHTdUQ6NIs0s,Me Voy,Julieta Venegas,0.575,0.679,2,-3.845,1,0.0278,0.0664,0.0,0.0956,0.601,107.878,3
3b7p0bvW1k0VPK0B80agkF,Rosa Pastel,Belanova,0.81,0.621,11,-6.997,0,0.0305,0.0248,0.0103,0.342,0.682,128.019,4
3k79jB4aGmMDUQzEwa46Rz,vampire,Olivia Rodrigo,0.511,0.532,5,-5.745,1,0.056,0.169,0.0,0.311,0.322,137.827,4
4rcHWl68ai6KvpXlc8vbnE,Keep on Loving You,REO Speedwagon,0.306,0.722,0,-5.963,1,0.034,0.0519,0.0,0.117,0.41,174.732,4
2nMeu6UenVvwUktBCpLMK9,Young And Beautiful,Lana Del Rey,0.324,0.416,11,-8.92,0,0.0368,0.262,3.69e-05,0.11,0.151,113.986,4
4J9fGNVJa5gKgJtEmgSOUw,Tarzan Boy (Epic 'Stranger Things' Version) - Instrumental Version,Baltic House Orchestra,0.51,0.636,5,-11.018,1,0.0289,0.000341,0.866,0.157,0.158,106.985,4
5AsqDGKlZ7fGC6oeRIiPWx,Radio,Lana Del Rey,0.312,0.841,2,-5.244,1,0.0846,0.217,2.38e-05,0.0876,0.185,75.112,4
3AVrVz5rK8Hrqo9YGiVGN5,Apocalypse,Cigarettes After Sex,0.369,0.467,5,-9.018,1,0.0274,0.0194,0.46,0.109,0.174,94.473,4
0S6CXA5LpRDX6b4akgrOot,Love is a Laserquest,Arctic Monkeys,0.349,0.662,11,-6.873,1,0.0402,0.00197,0.908,0.136,0.554,169.926,4
1WeoeHh0TSzsApyJ6Q8OOK,I'll Be Over You,TOTO,0.515,0.277,10,-17.85,1,0.0255,0.062,0.0,0.258,0.413,82.167,4
7woZGXjtaYwuvSoU1zToB3,Free Fallin',Tom Petty,0.617,0.435,5,-13.547,1,0.0256,0.178,0.0,0.0822,0.601,84.382,4
7GfyRnOeyhA950v90Wz0F9,(Theme from ''Cheers'') Where Everybody Knows Your Name,Gary Portnoy,0.371,0.457,10,-9.129,1,0.0349,0.6,0.0,0.687,0.301,184.055,4
5BI0zQZciyoQfJxsu8CIn9,Never Ending Song,Conan Gray,0.58,0.79,2,-6.575,1,0.0329,0.00486,9.61e-05,0.322,0.567,141.912,4
1ixphys4A3NEXp6MDScfih,Be the One,Dua Lipa,0.661,0.651,7,-3.771,0,0.0499,0.117,1.32e-05,0.056,0.368,87.46,4
1hbWtHgRDG25DkmxE4I28V,Puedes Contar Conmigo,La Oreja de Van Gogh,0.651,0.894,6,-4.843,1,0.0317,0.0706,0.0,0.13,0.561,144.95,4
7gqIqyeCaV2xNtfZWxEphD,Cuídate,La Oreja de Van Gogh,0.662,0.798,8,-4.627,1,0.0335,0.306,0.0,0.174,0.542,141.007,4
4s6LhHAV5SEsOV0lC2tjvJ,California Dreamin' - Single Version,The Mamas & The Papas,0.552,0.608,1,-9.786,0,0.0345,0.352,0.0,0.0533,0.637,112.367,4
05wIrZSwuaVWhcv5FfqeH0,Walking On Sunshine,Katrina & The Waves,0.596,0.869,10,-11.97,1,0.037,0.0116,0.173,0.0678,0.944,109.902,4
5mg3VB3Qh7jcR5kAAC4DSV,Cupid,FIFTY FIFTY,0.774,0.66,2,-8.2,1,0.0328,0.662,0.0,0.4,0.961,120.023,4
6dgUya35uo964z7GZXM07g,Nonsense,Sabrina Carpenter,0.74,0.697,8,-4.912,1,0.034,0.0268,0.0,0.224,0.732,138.992,4
3IuSgREoO5y88HdIcE2Xee,I'd Do Anything For Love (But I Won't Do That) - Single Edit,Meat Loaf,0.419,0.672,2,-6.353,1,0.0917,0.623,0.0,0.412,0.304,105.211,4
4YaoFW42YXgVr5U1UzIANs,Rock And Roll Dreams Come Through,Meat Loaf,0.655,0.684,0,-8.453,1,0.0298,0.235,1.02e-05,0.165,0.487,112.258,4
4rHczyhBZ53pLWgn6edWfB,Casi un Hechizo,Jerry Rivera,0.751,0.518,0,-9.705,1,0.0466,0.683,3.92e-05,0.0465,0.87,93.122,4
1uuh2xSgfcddYAgtadUxoB,Marta tiene un marcapasos,Hombres G,0.596,0.947,11,-3.225,0,0.0547,0.00321,3.78e-05,0.0897,0.487,102.238,4
5WwqdeavrQrbeAMDxGawse,Can't Fight This Feeling,REO Speedwagon,0.408,0.48,9,-11.017,1,0.0266,0.155,1.82e-05,0.0877,0.19,156.344,4
0eifvmNPHWaSh4IKNR4Xva,To Be With You - 2021 Remastered,Mr. Big,0.688,0.284,4,-13.577,1,0.0574,0.359,0.0,0.127,0.482,83.433,4
2u96akbqgCRtkjfLMYrgZo,Don't You (Forget About Me) - Remastered 2001,Simple Minds,0.666,0.788,2,-7.02,1,0.0276,0.0884,0.0628,0.298,0.675,111.257,4
0T0UiFcWu7Up3jjtcZwQ5p,La Loba,Miriam y Las Chicas,0.743,0.625,0,-10.001,0,0.0555,0.757,0.000499,0.11,0.911,143.171,4
0gEyKnHvgkrkBM6fbeHdwK,Linger,The Cranberries,0.439,0.434,7,-14.918,1,0.0265,0.0783,4.87e-05,0.14,0.204,94.845,4
10nyNJ6zNy2YVYLrcwLccB,No Surprises,Radiohead,0.255,0.393,5,-10.654,1,0.0278,0.0577,0.00361,0.113,0.118,76.426,4
7fu3Tv5rcoGD1PZV7s57WW,Rock the Boat,Hues Corporation,0.596,0.58,3,-9.72,1,0.0446,0.256,0.0,0.1,0.884,107.182,4
0iTpQYzJnYgh7kIxyq8A2O,Two Weeks,Grizzly Bear,0.537,0.712,5,-5.597,1,0.0286,0.289,0.00568,0.08,0.704,159.871,4
6W1BLmVBxkqZwFQcORQLnv,Tren Al Sur,Los Prisioneros,0.675,0.67,9,-7.218,0,0.0514,0.00565,0.00673,0.0805,0.726,90.23,4
61EzFxAX2KM66vmcc2CO1k,Así Bailaba,Rigoberta Bandini,0.647,0.728,2,-5.262,1,0.16,0.0579,0.0,0.966,0.479,100.023,4
1SSQb10Z0XcP8pln4GkjQj,Don,Miranda!,0.741,0.917,6,-2.876,1,0.0715,0.117,0.0,0.192,0.969,121.033,4
68EkhVWIeULhHxcbi1QhzK,World's Smallest Violin,AJR,0.68,0.697,5,-7.01,1,0.0484,0.121,0.0,0.661,0.684,116.033,4
5U4l5prXjPGv5fnP8nZ3kK,Hoy Estoy Raro,El Cuarteto De Nos,0.691,0.81,11,-6.373,0,0.0284,0.0324,0.0,0.148,0.455,102.038,4
1ozuMsJLTvFIMvlW7AWq95,Ya No Sé Que Hacer Conmigo,El Cuarteto De Nos,0.676,0.785,11,-5.39,0,0.0293,0.119,0.0,0.134,0.502,102.046,4
0OEBOJhSObnFuHuasXdt52,Dia de Enero,Shakira,0.687,0.361,10,-11.589,1,0.0792,0.35,1.11e-05,0.11,0.526,165.747,4
0yLdNVWF3Srea0uzk55zFn,Flowers,Miley Cyrus,0.707,0.681,0,-4.325,1,0.0668,0.0632,5.15e-06,0.0322,0.646,117.999,4
5E4jBLx4P0UBji68bBThSw,Another Love,Tom Odell,0.445,0.537,4,-8.532,0,0.04,0.695,1.6e-05,0.0944,0.131,122.764,4
0uFcZ8noEHqDQCyYuSODZV,Transgender,Crystal Castles,0.522,0.914,7,-8.285,1,0.0379,0.000164,0.846,0.24,0.0364,137.954,3
3DNRdudZ2SstnDCVKFdXxG,"Sonata No. 14 ""Moonlight"" in C-Sharp Minor"", Op. 27 No. 2: I. Adagio sostenuto",Ludwig van Beethoven,0.184,0.00527,1,-37.264,0,0.0432,0.995,0.887,0.173,0.151,170.612,3
5H8M2ffRKcdqJTc6YTt4c2,El Innombrable,El Cuarteto De Nos,0.575,0.888,9,-4.184,0,0.0907,0.304,3.21e-06,0.151,0.613,89.999,4
5GbVzc6Ex5LYlLJqzRQhuy,Mystery of Love,Sufjan Stevens,0.365,0.273,4,-16.526,0,0.038,0.94,0.431,0.109,0.238,132.285,5
5bdEGs3pW9BcClp7QBvPLF,Plus tôt,Alexandra Streliski,0.337,0.153,2,-20.909,1,0.0415,0.963,0.921,0.107,0.166,133.978,1
1lYJDRaadnotdfcZFp5Izd,Clair,Gilbert O'Sullivan,0.72,0.5,9,-7.306,1,0.0347,0.509,0.0,0.147,0.609,105.727,4
5u5aVJKjSMJr4zesMPz7bL,"Clair de Lune, L. 32",Claude Debussy,0.335,0.00532,1,-31.646,1,0.0376,0.994,0.912,0.0621,0.0397,65.832,4
6sIxdSgR1qM0DZ1zbeJTMu,Bookends Theme,Simon & Garfunkel,0.419,0.106,9,-34.602,0,0.107,0.985,0.93,0.103,0.62,142.262,4
1dfsPqH09vnzUWEOsN98Ex,28 Reasons,SEULGI,0.766,0.651,5,-3.546,0,0.0952,0.211,2.51e-06,0.144,0.488,121.995,4
57rt6Jj7woE21ae3Ml2vw8,She,JANNABI,0.427,0.38,9,-8.331,1,0.0255,0.913,0.0148,0.215,0.169,79.941,4
4KU23Zay3Q1W0c0yJCNczH,Baby I Need You,JANNABI,0.613,0.642,2,-6.052,0,0.034,0.14,0.0,0.11,0.692,176.176,4
2n1MTLCis6qPSDKdr5XSDI,Oh Qué Será?,Willie Colón,0.445,0.791,9,-5.017,0,0.132,0.69,1.35e-06,0.0718,0.459,87.058,4
4WmyxRCAt8ACSADnwfvpHe,Las Pequeñas Cosas,Las Chicas Del Can,0.569,0.511,2,-14.121,0,0.0534,0.763,1.52e-06,0.0246,0.865,143.6,4
75HnDKDqsmEzdOKFWe5FZS,VIVIR ASÍ ES MORIR DE AMOR,NATHY PELUSO,0.62,0.803,5,-5.514,0,0.0536,0.0881,0.000155,0.1,0.717,102.0,4
2RKDbMwtJgKc76H9oPo7Cl,Boys Don't Cry,The Cure,0.463,0.853,11,-6.24,0,0.0706,0.0101,0.0,0.107,0.69,169.574,4
3OdkC5pG8vc26S26qHyBo8,まつり,Fujii Kaze,0.663,0.731,1,-7.335,1,0.0338,0.00892,0.0502,0.293,0.356,97.025,4
2RNAVi80zsh9U1xCmvldwg,Dirección Opuesta,Gran Radio Riviera,0.841,0.724,9,-5.307,1,0.0448,0.155,0.0,0.0986,0.634,109.028,4
0o9zmvc5f3EFApU52PPIyW,Shinunoga E-Wa,Fujii Kaze,0.6,0.76,6,-6.124,0,0.0452,0.166,4.09e-05,0.189,0.519,158.078,4
6IMIx38wIqHoLTdGcBwyEC,Como un burro amarrado en la puerta del baile,El Último De La Fila,0.651,0.873,7,-4.719,1,0.0367,0.075,0.0,0.19,0.868,82.655,4
6IGvaQ4aFBjy66TdUurIiA,Donde Estas Corazon,Shakira,0.743,0.78,7,-9.212,1,0.0722,0.0635,0.0,0.126,0.597,109.044,4
5yKQTwznar5I75UyYJ9CnR,"Pies Descalzos, Sueños Blancos",Shakira,0.854,0.684,6,-7.333,0,0.0361,0.00854,0.0,0.152,0.673,119.957,4
1Gv6f7m5ZNDcInxGA8PsLS,Superstar,Carpenters,0.306,0.253,8,-11.177,1,0.0294,0.728,4.89e-05,0.138,0.171,83.175,4
20bWnhRylVPnTpfsuIzorG,Hey Mama!,EXO-CBX,0.532,0.859,1,-4.106,1,0.142,0.0662,0.0,0.684,0.934,118.919,4
6VWWU8EFSS7Xx1TZ830Paz,Cruz de navajas,Mecano,0.735,0.497,1,-8.467,1,0.0265,0.655,0.000354,0.104,0.571,116.12,4
0T7JubkdjBXNDVadRIq2ck,Un Buen Perdedor,Franco De Vita,0.438,0.442,0,-12.691,1,0.0419,0.446,0.0,0.544,0.161,125.62,4
65hLfLgX1TBvHkEwMEKNdN,Traveling,The Main Ingredient,0.591,0.548,5,-7.001,0,0.0289,0.845,0.0912,0.161,0.598,138.178,4
2plLJpUcYPFrl1sW2pMG63,Lights Up,Harry Styles,0.585,0.62,3,-8.09,0,0.0327,0.0426,0.00224,0.15,0.281,101.939,4
3gXWe15nwrjfhjYQ5RqLx7,29,Demi Lovato,0.322,0.698,1,-3.812,0,0.0542,0.00507,0.0,0.249,0.288,183.963,4
4PUmVspCOFioja8MFM653t,Flores Amarillas,Floricienta,0.708,0.794,6,-5.565,1,0.0272,0.0444,0.0,0.143,0.626,121.995,4
6FEKEO3y7QFcMwoGeR0GtU,Crimson & Clover,Tommy James & The Shondells,0.456,0.609,11,-11.767,1,0.068,0.275,0.0198,0.108,0.682,84.441,4
3ZIE8flTJ6WWn8wF0YzaaQ,Plástico,Willie Colón,0.658,0.541,11,-7.73,0,0.0585,0.797,1.84e-06,0.456,0.7,103.176,4
51EMSRpNm9Rg5rGViVCczv,Andromeda,Weyes Blood,0.467,0.461,1,-7.94,0,0.0274,0.368,0.00115,0.358,0.188,131.325,4
0Be7sopyKMv8Y8npsUkax2,Tacones Rojos,Sebastian Yatra,0.748,0.856,11,-3.517,0,0.0348,0.0824,0.0,0.142,0.927,123.031,4
6rIwcMGcZtPdpi6U9llpb0,Below,Leprous,0.303,0.453,7,-7.709,0,0.0326,0.0679,0.114,0.133,0.0717,99.938,4
01enyHIxGijVS56im5qZaH,Mr. Invisible,Thank You Scientist,0.492,0.921,1,-2.99,1,0.0806,0.0106,0.00113,0.0676,0.545,123.521,4
7ACxUo21jtTHzy7ZEV56vU,Crazy Train,Ozzy Osbourne,0.454,0.913,9,-4.008,1,0.107,0.408,0.000271,0.248,0.521,137.688,4
6QDbGdbJ57Mtkflsg42WV5,Hot for Teacher - 2015 Remaster,Van Halen,0.552,0.947,2,-4.671,1,0.15,0.000652,0.00025,0.0637,0.465,127.631,4
37Unx14mB8QnCx0bDjtCM8,i miss you,Ichika Nito,0.631,0.489,11,-6.966,1,0.101,0.58,0.821,0.12,0.418,203.953,4
5BOdw98ULiPxCSsGBpE5Ft,Like You,So Soo Bin,0.8,0.298,7,-6.291,1,0.0347,0.67,0.0,0.118,0.628,103.032,4
5nNpVC9AC6DWgrT5RX0e0b,Hopelessly Devoted To You,Olivia Newton-John,0.574,0.514,11,-8.02,0,0.028,0.313,0.00362,0.274,0.352,111.005,3
5RgFlk1fcClZd0Y4SGYhqH,She's Always a Woman,Billy Joel,0.292,0.324,3,-11.996,1,0.0346,0.797,0.000473,0.12,0.384,176.631,3
4U45aEWtQhrm8A5mxPaFZ7,Vienna,Billy Joel,0.532,0.495,10,-6.662,1,0.0343,0.659,0.0,0.0754,0.308,124.936,4
15eXfjBk8M8L0aKJXe5YnG,Bésame,Ricardo Montaner,0.456,0.693,4,-4.345,0,0.0359,0.58,0.0,0.122,0.48,80.5,4
2UKYMN7VnsQo40n0qCt6Sa,Porcelain,Moby,0.297,0.637,0,-7.926,0,0.0336,0.0014,0.18,0.247,0.332,94.73,4
4hceSKjrkDTO0nMKFcb3sj,"Villano Antillano: Bzrp Music Sessions, Vol. 51",Bizarrap,0.82,0.752,1,-7.635,0,0.0648,0.0584,0.00417,0.628,0.423,127.999,4
4LJhJ6DQS7NwE7UKtvcM52,What's My Age Again?,blink-182,0.391,0.951,6,-7.419,1,0.0692,0.0126,0.000378,0.0878,0.468,157.66,4
7guVlnmdqpcFjJmwP6RSRr,Amor Narcótico,ChiChi Peralta,0.704,0.687,8,-10.302,1,0.133,0.473,0.0,0.0784,0.645,111.932,4
6N4ioa3XSbvjmwdVEERl8F,Nunca Estoy,C. Tangana,0.913,0.369,2,-5.299,1,0.12,0.476,0.00609,0.309,0.436,135.019,4
5ddFjrPG8NgQQ6xlOQIVd2,Tú Me Dejaste De Querer,C. Tangana,0.823,0.723,4,-4.778,0,0.229,0.311,0.00315,0.0998,0.505,83.97,4
4DoEHKWh8k6vYDleECQkJx,Los Tontos,C. Tangana,0.798,0.715,9,-5.712,0,0.187,0.365,2.08e-06,0.142,0.895,105.995,4
4NdjM90OrP4wuHsecOMXlg,Cuándo Olvidaré,C. Tangana,0.726,0.323,5,-9.322,0,0.185,0.818,1.03e-06,0.0999,0.461,95.803,4
740uwCK09xVPNPr4hFpcWW,Muriendo De Envidia,C. Tangana,0.845,0.717,0,-6.773,1,0.359,0.428,0.0023,0.0822,0.255,93.997,4
3GaGWoU1KfVqgl7vnRHP55,Demasiadas Mujeres,C. Tangana,0.658,0.453,9,-7.378,0,0.39,0.131,0.0002,0.0848,0.358,126.043,4
3sDYF48EGy900hWWlgMN9p,Even The Nights Are Better,Air Supply,0.438,0.516,5,-10.529,1,0.0406,0.591,0.0,0.114,0.191,115.508,4
0iXLwnLmLwn9y54JtBTNxY,Main Agar Kahoon,Sonu Nigam,0.533,0.436,5,-7.521,0,0.0276,0.234,3.17e-06,0.46,0.371,146.868,3
3c8JemHol1XwFFruXQxjCO,Everybody's Talkin',Harry Nilsson,0.496,0.368,4,-15.194,1,0.0338,0.46,7.54e-05,0.311,0.628,128.331,4
32Gf5A7Hr8RdgggXG0Fdks,"Have You Ever Really Loved A Woman? - From ""Don Juan DeMarco"" Soundtrack",Bryan Adams,0.57,0.478,7,-10.185,1,0.0322,0.536,1.33e-05,0.0931,0.358,145.517,3
44AyOl4qVkzS48vBsbNXaC,Can't Help Falling in Love,Elvis Presley,0.396,0.293,2,-14.062,1,0.0275,0.941,0.000196,0.105,0.343,100.307,3
2XPxacir3WoMtJ2pbTd240,24 Hours,Sky Ferreira,0.519,0.874,6,-3.554,0,0.0391,0.031,0.0,0.276,0.245,108.242,4
5B6Kjha6RRIMWGN7zGsAaT,So Hot You're Hurting My Feelings,Caroline Polachek,0.795,0.576,6,-4.971,1,0.0289,0.0787,1.01e-05,0.121,0.847,111.975,4
70AYiGbc4mWZGEqiipBBDb,CANDY,ROSALÍA,0.638,0.49,4,-5.726,0,0.226,0.885,0.0116,0.156,0.403,179.905,4
3leQLTAf9btWYR0bbIiHeZ,My Love,Florence + The Machine,0.5,0.84,9,-5.894,0,0.0763,0.00354,0.0,0.125,0.161,121.836,4
3AtNzpuCrPE1S6ToKhpTFe,Between Two Lungs,Florence + The Machine,0.547,0.415,0,-6.429,1,0.0491,0.222,5.11e-06,0.126,0.481,149.96,4
6dux5viG3Ku3IefPx3gFNT,Dog Days Are Over,Florence + The Machine,0.501,0.809,7,-5.264,1,0.0938,0.0338,0.00602,0.119,0.258,149.964,4
2grSOc6HNTXQQXNoRKt9UM,Good Ones,Charli XCX,0.764,0.672,7,-5.947,0,0.0293,0.072,3.32e-06,0.0806,0.789,129.049,4
2lE8pY64icLsx6k0Wr9iVF,Baby,Charli XCX,0.779,0.859,5,-1.572,0,0.0364,0.139,0.0472,0.093,0.904,128.04,4
3sa1wUB8FAkoH95MGPGBWI,Michelle,Sir Chloe,0.366,0.439,4,-5.238,1,0.0298,0.0781,1.92e-05,0.108,0.11,115.94,3
5By7Pzgl6TMuVJG168VWzS,Michelle - Remastered 2009,The Beatles,0.578,0.29,5,-12.501,0,0.0341,0.652,0.0,0.105,0.666,117.403,4
1M7qLcfozANPcMKfgMEHOt,Never Be Me,Miley Cyrus,0.475,0.565,1,-7.853,0,0.0378,0.0578,4.84e-05,0.341,0.154,165.091,4
1ko2lVN0vKGUl9zrU0qSlT,Just the Two of Us (feat. Bill Withers),"Grover Washington, Jr.",0.749,0.497,10,-12.609,0,0.105,0.41,0.0499,0.0504,0.585,95.818,4
5Ts1DYOuouQLgzTaisxWYh,Love Grows (Where My Rosemary Goes),Edison Lighthouse,0.568,0.824,9,-4.613,1,0.0299,0.403,0.0,0.0855,0.753,108.625,4
469X3kkOf23F9m30rgJHfY,"Ob-La-Di, Ob-La-Da",Gabriela Bee,0.827,0.796,0,-4.729,1,0.0409,0.519,0.0,0.169,0.911,115.012,4
3oqWr0jDWNXxWufNogGREp,Crimen,Gustavo Cerati,0.537,0.502,4,-8.406,1,0.025,0.44,0.0709,0.199,0.288,80.511,4
6xjxMWGsprmtUVMDaMhgH0,Grow Old with Me,Tom Odell,0.505,0.591,7,-8.397,1,0.0302,0.799,2.46e-06,0.174,0.39,146.174,4
7l1KhSsLVMtWlt8xyQ7fqZ,Koi Sehri Babu,Shruti Rane,0.641,0.567,0,-8.459,1,0.0441,0.526,2.69e-06,0.352,0.409,93.824,4
5oTM0Xt2LS1ouJJuVkwJql,Que Será de Ti (Como Vai Você),Roberto Carlos,0.327,0.43,9,-9.396,1,0.03,0.742,1.01e-05,0.137,0.251,67.487,4
4o8LninQgaxNdcAB0UiUd0,Tú y Yo,Emmanuel,0.525,0.384,2,-13.561,0,0.0313,0.528,4.77e-06,0.535,0.475,125.61,4
0X1XgxtHG9hULAw296CCgz,El Gato Que Está Triste y Azul - Un Gato Nel Blu,Roberto Carlos,0.439,0.372,4,-13.922,1,0.0322,0.652,0.0,0.488,0.602,112.201,4
3PeQq6jHoOXcEi3OjDO6xu,Noches de Fantasia,Roberto Antonio,0.712,0.616,5,-9.546,1,0.0314,0.409,6.64e-06,0.3,0.889,145.462,4
7jxHeJLVpnP7S08JFF4GBi,"Ciega, Sordomuda",Shakira,0.746,0.876,1,-6.042,1,0.0345,0.0438,2.51e-06,0.112,0.928,119.97,4
78dbqYDvx6FOefROApu9w0,Inevitable,Shakira,0.595,0.461,6,-7.786,1,0.0641,0.269,0.000149,0.123,0.338,91.976,4
4O2rHqjfQ43cNnYPMMXVie,여우 같은 내 친구 (No More),f(x),0.738,0.879,7,-2.771,1,0.0599,0.459,0.0,0.206,0.83,135.028,4
7HMz8o0m7ASQ3ImFPfhWTY,CORALINE,Måneskin,0.363,0.678,2,-4.939,0,0.0995,0.0299,0.0,0.324,0.321,162.124,4
0t0y7NjjpyoGE5VXzJwTGn,Tu y Yo,Calle Ciega,0.736,0.604,9,-9.475,0,0.125,0.322,0.0,0.317,0.625,80.037,4
2j3GxEsbNYNeEzz86wDY4J,Love Is A Game,Adele,0.269,0.591,10,-5.79,0,0.0416,0.453,0.000695,0.0702,0.228,183.793,4
5ruzrDWcT0vuJIOMW7gMnW,The Adults Are Talking,The Strokes,0.593,0.749,5,-5.67,1,0.0475,0.0113,0.106,0.314,0.649,164.959,4
2LD2gT7gwAurzdQDQtILds,Veridis Quo,Daft Punk,0.605,0.687,9,-13.928,0,0.045,0.479,0.949,0.104,0.12,106.896,4
1w2Nnj1HEUgoOglVRWfZj8,Me cuesta tanto olvidarte,Mecano,0.516,0.228,9,-13.467,1,0.0363,0.923,0.0,0.155,0.502,149.247,4
27zrFrtUtWl2urlvjOn5xc,Say Yes,Loco,0.696,0.778,1,-4.653,0,0.0585,0.352,0.0,0.329,0.41,94.996,4
0gplL1WMoJ6iYaPgMCL0gX,Easy On Me,Adele,0.604,0.366,5,-7.519,1,0.0282,0.578,0.0,0.133,0.13,141.981,4
7HRKXaKzzApunJUIOjMAup,Million Years Ago,Adele,0.72,0.274,1,-7.623,0,0.0276,0.742,0.0,0.11,0.179,105.921,4
3di5hcvxxciiqwMH1jarhY,Set Fire to the Rain,Adele,0.603,0.67,2,-3.882,0,0.0249,0.00408,1.68e-06,0.112,0.446,107.993,4
6DEMMeWXfmFAXgDUMMzeg6,All I Ask,Adele,0.591,0.28,4,-5.494,1,0.0283,0.889,0.0,0.124,0.348,141.916,4
5rfT032kGmLvbxZzfHlu5D,In the Aeroplane Over the Sea,Neutral Milk Hotel,0.271,0.714,7,-5.124,1,0.0329,0.392,0.0,0.115,0.239,94.158,3
5TMLavqGRKNxgzMBrVpC9R,Mon Amour - Remix,zzoilo,0.748,0.761,2,-6.621,1,0.102,0.122,6.56e-06,0.0984,0.362,116.041,4
1Wrzhfa5bNlqvsnCztz190,Devuélveme a mi chica,Hombres G,0.603,0.843,9,-7.597,0,0.0557,0.0031,0.0337,0.445,0.503,172.676,4
2gQsUHVFY4tpXc3AFU2mcS,Games People Play,The Alan Parsons Project,0.721,0.69,11,-10.533,0,0.0339,0.189,4.14e-06,0.138,0.684,132.019,4
65H6t1WQBim6q93yM8fEwn,Obsesion,Aventura,0.804,0.56,1,-6.912,0,0.0397,0.416,0.0,0.0608,0.768,133.682,4
2AHnmlkyZbnxqSA66B7jK3,Don't Shut Me Down,ABBA,0.719,0.604,0,-7.395,1,0.0281,0.105,0.0,0.107,0.565,99.993,4
3k7ikTNf1Ms0ZfTsoe9Blk,Mayday (Feat. Joy),Crush,0.635,0.641,4,-6.39,0,0.0843,0.523,0.0,0.199,0.578,74.977,4
73JlqLGG7TKKqKa8F80vPd,Cruz de Navajas,Mecano,0.735,0.496,1,-8.466,1,0.0265,0.649,0.000365,0.104,0.567,116.12,4
5zgt4so9qAqiwV1nETiRmw,No me lo puedo explicar (with Tiziano Ferro),Laura Pausini,0.459,0.412,7,-8.035,1,0.0317,0.575,0.0,0.0707,0.102,142.02,4
6uAFJ75WDAoAPyCWJAtvks,Good In Bed,Dua Lipa,0.68,0.701,5,-5.001,1,0.0917,0.138,0.000191,0.168,0.649,94.06,4
0TEekvXTomKt3hdXDZxxeW,Ribs,Lorde,0.511,0.472,4,-9.277,1,0.091,0.534,0.614,0.11,0.0399,127.978,4
7DKYA93lgKbhxzqE2ojtCS,everythingoes,RM,0.467,0.722,5,-5.819,1,0.0303,0.143,2.91e-06,0.128,0.14,92.014,4
3Wrjm47oTz2sjIgck11l5e,Beggin',Måneskin,0.714,0.8,11,-4.808,0,0.0504,0.127,0.0,0.359,0.589,134.002,4
4EF941VzqGMLFnYlXH03hG,Make it,2PM,0.736,0.663,1,-4.37,0,0.121,0.187,0.0,0.11,0.753,92.924,4
4qXVjZZ48aShiyCqxhkuJP,Breaking Down,AILEE,0.294,0.342,1,-6.341,1,0.0395,0.469,6.79e-06,0.0958,0.229,135.084,4
7pgF8R3LBSoYGR4JtN9fTn,New Song,Måneskin,0.8,0.79,5,-2.357,1,0.0899,0.0383,0.0,0.046,0.827,122.987,4
43YC4iYmSsYueViJR4dBGA,Nothing Else Matters,Miley Cyrus,0.452,0.668,4,-5.118,0,0.0292,0.00516,1.45e-05,0.112,0.142,142.548,3
5S67wnJOMjuySVEu4ssCof,Forest Whitaker,Bad Books,0.719,0.718,11,-5.482,1,0.0426,0.331,4.39e-05,0.107,0.91,113.965,4
6O5TrlFWTYvznd9fMC0VvU,When We Were Young,Adele,0.376,0.595,3,-5.936,1,0.0496,0.303,0.0,0.095,0.265,144.361,4
2my7K20Fv5OtE27cjG9sfu,BUENOS AIRES,NATHY PELUSO,0.562,0.531,5,-8.706,0,0.0685,0.199,0.00144,0.109,0.624,83.937,4
7hooV9TbpBBpwlP2D1OYKy,Shake It Out,Florence + The Machine,0.527,0.804,10,-4.168,1,0.0358,0.0104,0.0,0.105,0.221,107.486,4
1cG1SmUAcASMFUy75bc7aq,Confession Is Not Flashy - Drama Version,Mido and Falasol,0.75,0.366,1,-7.124,1,0.0292,0.547,0.0,0.106,0.359,102.929,4
7JQeu7AyFO2Pt8tsNdSUFW,With My Tears - Drama Version,Mido and Falasol,0.536,0.373,0,-8.052,1,0.0383,0.586,0.0,0.409,0.0855,129.907,4
3I4QOvltiKcMu3xmnQjEct,Green Light,Lorde,0.594,0.721,2,-7.812,1,0.0957,0.0209,8.55e-06,0.0879,0.253,128.942,4
6h7AmUi3ghBeEfsZygAxOd,Venus Fly Trap,MARINA,0.586,0.856,9,-4.392,0,0.0512,0.0883,1.73e-06,0.341,0.518,135.095,4
0jYC7cHrJUtC8oLdFqjtrS,I Love You But I Love Me More,MARINA,0.497,0.881,10,-4.914,0,0.0722,0.26,1.72e-05,0.0995,0.267,112.116,4
7HSZigV3SjVlKrCfz2iR28,Teen Idle,MARINA,0.571,0.651,5,-6.26,1,0.0349,0.242,0.0,0.0938,0.374,121.202,4
3590AAEoqH50z4UmhMIY85,Torna a casa,Måneskin,0.425,0.638,1,-3.184,0,0.0759,0.426,0.0,0.177,0.45,81.396,4
4pt5fDVTg5GhEvEtlz9dKk,I WANNA BE YOUR SLAVE,Måneskin,0.75,0.608,1,-4.008,1,0.0387,0.00165,0.0,0.178,0.958,132.507,4
776AftMmFFAWUIEAb3lHhw,ZITTI E BUONI,Måneskin,0.625,0.939,4,-3.115,0,0.0669,0.00138,0.0,0.424,0.644,102.999,4
0Yg1hSAUgd2AAneReFOVzS,Tous les garçons et les filles - Slow,Françoise Hardy,0.741,0.365,9,-9.594,1,0.0329,0.812,0.00957,0.144,0.888,107.847,3
3x4oECarDKCZxecqOYis52,Mia,Eddie Santiago,0.655,0.714,2,-6.996,1,0.0466,0.495,6.4e-06,0.0893,0.942,158.949,4
6TAvDuKurviuJeWwEmnodN,Por Que Dios Te Hizo Tan Bella,Adolescent's Orquesta,0.638,0.826,2,-7.405,0,0.0294,0.282,0.0,0.0622,0.648,88.185,4
5SIoLK4aqXc2UzNrhVHwtp,Virgen,Adolescent's Orquesta,0.66,0.748,8,-4.855,1,0.044,0.725,0.00065,0.127,0.75,90.963,4
7xmp7f74I0rxUOPjVuIOE8,Procura,ChiChi Peralta,0.805,0.758,8,-7.418,1,0.0352,0.308,0.000661,0.12,0.974,102.127,4
3jagJCUbdqhDSPuxP8cAqF,Work It,Missy Elliott,0.884,0.677,1,-5.603,1,0.283,0.0778,0.0,0.0732,0.584,101.868,4
6M14BiCN00nOsba4JaYsHW,Ocean Man,Ween,0.72,0.912,4,-6.13,1,0.0363,0.551,0.00122,0.0982,0.973,122.782,4
3SK45LddxlEkzI8OWO9Eyo,Ingobernable,C. Tangana,0.705,0.757,6,-5.608,0,0.0656,0.195,0.000228,0.0524,0.737,104.973,4
5xvUgoVED1F4mBu8FL0HaW,Ready or Not,Bridgit Mendler,0.715,0.872,2,-3.835,1,0.0509,0.00351,3.84e-05,0.107,0.748,93.043,4
5gAa13uFAvR6agIwfNUHQp,Tempo,Gran Radio Riviera,0.872,0.54,9,-5.88,0,0.0723,0.0113,0.00151,0.0651,0.958,110.015,4
7gQ5c5HY6zMsIck6QLY9dJ,Hurricane,Bridgit Mendler,0.757,0.825,7,-4.062,0,0.0701,0.0398,2.63e-06,0.0798,0.446,95.01,4
4a14qc1DukwBKpFoQzRCah,Bohemian Rhapsody,Forestella,0.351,0.372,3,-6.427,1,0.037,0.572,0.0,0.0891,0.128,143.006,4
1BQQAGPRlpEYJLy9pAofVV,Hijo De La Luna,Forestella,0.158,0.406,6,-7.72,0,0.041,0.809,9.4e-06,0.113,0.194,76.383,4
7FjIYiD53wxlQmzTT6Wdpf,space girl,Frances Forever,0.669,0.395,9,-9.598,1,0.03,0.332,0.000196,0.37,0.196,125.979,4
7vrJn5hDSXRmdXoR30KgF1,BICHOTA,KAROL G,0.863,0.666,1,-4.158,0,0.152,0.212,0.000493,0.103,0.838,163.908,4
4JmRth9mDEINhUNIpDYLQi,Summer,JANNABI,0.495,0.624,5,-4.03,0,0.0265,0.438,0.000424,0.292,0.327,79.0,4
4MAMn2twjZR03xvTKAEth9,Goodnight (Intro),JANNABI,0.38,0.172,8,-15.272,1,0.0307,0.9,0.0834,0.119,0.165,145.547,4
5BqwC9kOBbqYkzdOKeXFFk,for lovers who hesitate,JANNABI,0.52,0.431,10,-8.484,1,0.0284,0.705,0.000264,0.301,0.302,74.004,4
47KegqqrzpKw0jdHFWqtNb,Bad Karma (feat. Joan Jett),Miley Cyrus,0.82,0.568,4,-6.963,1,0.0538,0.0301,0.0092,0.169,0.478,113.941,4
2uhGo14x2bQdnx8YBU9NGq,telepatía,Kali Uchis,0.653,0.524,11,-9.016,0,0.0502,0.112,0.0,0.203,0.553,83.97,4
3pt4BDnaMo2vznoVSv7b2y,Kissin U,Miranda Cosgrove,0.624,0.86,0,-3.129,0,0.043,0.0119,0.0,0.0598,0.521,110.018,4
2zlgwqw8BLX2JGB76LIFeF,Missing You,BTOB,0.633,0.736,7,-5.775,1,0.131,0.65,0.0,0.128,0.477,168.05,4
4INhJDL6o97nMVh4JVgzJf,Nanana,BTOB,0.753,0.639,0,-5.89,1,0.029,0.31,0.0,0.378,0.823,112.429,3
3FDkagYrIceOTgy8canfLs,Sensación del Bloque,Randy,0.69,0.86,2,-4.997,0,0.0415,0.124,0.0,0.257,0.378,92.005,4
0GzuHFG4Ql6DoyxFRnIk3F,Hawái - Remix,Maluma,0.766,0.788,6,-3.128,0,0.312,0.105,5.81e-06,0.142,0.609,179.984,4
6jEZLz3YpnEBRpVkv35AmP,Gasolina,Daddy Yankee,0.857,0.801,0,-6.499,1,0.0618,0.332,1.2e-06,0.0789,0.753,96.009,4
39LLxExYz6ewLAcYrzQQyP,Levitating,Dua Lipa,0.695,0.884,6,-2.278,0,0.0753,0.0561,0.0,0.213,0.914,103.014,4
4TgxFMOn5yoESW6zCidCXL,Savage Love (Laxed – Siren Beat) [BTS Remix],Jawsh 685,0.758,0.598,0,-5.695,0,0.0868,0.16,0.0,0.295,0.658,149.836,4
5oO3drDxtziYU2H1X23ZIp,Love On The Brain,Rihanna,0.509,0.637,4,-4.83,0,0.0471,0.0717,1.08e-05,0.0789,0.378,172.006,3
6qI0MU175Dk2DeoUjlrOpy,911,Lady Gaga,0.789,0.813,5,-4.563,1,0.0374,0.0294,2.07e-06,0.519,0.42,116.007,4
1yoMvmasuxZfqHEipJhRbp,Hawái,Maluma,0.783,0.727,6,-3.454,0,0.389,0.185,2.46e-05,0.0626,0.558,180.067,4
6AzKhCHOms83jvNVLsz0Bt,Djadja (feat. Maluma) - Remix,Aya Nakamura,0.791,0.682,5,-7.328,1,0.158,0.175,0.0,0.0926,0.672,98.031,4
017PF4Q3l4DBUiWoXk4OWT,Break My Heart,Dua Lipa,0.73,0.729,4,-3.434,0,0.0884,0.167,1.39e-06,0.349,0.467,113.011,4
0VjIjW4GlUZAMYd2vXMi3b,Blinding Lights,The Weeknd,0.514,0.73,1,-5.934,1,0.0598,0.00146,9.54e-05,0.0897,0.334,171.005,4
3PfIrDoz19wz7qK7tYeu62,Don't Start Now,Dua Lipa,0.793,0.793,11,-4.521,0,0.083,0.0123,0.0,0.0951,0.679,123.95,4
1F3PSls61sG4NvY5S6gt7Y,So-so,Baek A Yeon,0.702,0.491,6,-4.441,1,0.0396,0.81,0.0,0.125,0.301,67.217,4
79z9QkhHePTFsSeVw9uyj0,Smile,Lily Allen,0.632,0.639,5,-5.938,1,0.0259,0.00143,0.0,0.221,0.733,95.506,4
41wtwzCZkXwpnakmwJ239F,Si Veo a Tu Mamá,Bad Bunny,0.9,0.603,2,-5.313,1,0.0646,0.402,4.81e-06,0.134,0.824,129.928,4
5GhrlSQUfDrjyZmsWzYQTk,A Llorar a Otra Parte,Grupo Treo,0.662,0.713,2,-5.448,1,0.058,0.164,0.0,0.0935,0.775,95.91,4
0GVKkD74xcixRYYG3zv1NL,Flower,Yoon Mirae,0.319,0.475,1,-7.16,1,0.0362,0.747,3.55e-06,0.107,0.192,139.22,4
0JOuenfJaP3QodPJU0alSk,But it's Destiny,10cm,0.475,0.461,0,-6.289,0,0.0328,0.23,0.0,0.111,0.109,73.994,4
3CYH422oy1cZNoo0GTG1TK,Psycho,Red Velvet,0.664,0.666,8,-2.203,1,0.0446,0.193,0.0,0.0854,0.405,139.987,4
6kdCN6gTWLcLxmLXoUcwuI,Eres,Café Tacvba,0.583,0.731,9,-6.18,0,0.0271,0.0107,0.0136,0.238,0.446,149.987,4
1MrZ8hGkUWMmT816wPaMgE,La flaca,Jarabe De Palo,0.871,0.481,7,-9.068,1,0.0383,0.52,5.54e-05,0.0809,0.664,103.063,4
6vuEG9sZtC4W2zT64f7zLF,Alone Again (Naturally),Gilbert O'Sullivan,0.558,0.464,8,-8.488,0,0.0354,0.583,0.000133,0.159,0.558,171.762,4
1bRjwdtScY2eMe9uMmsOkG,Do It,Chloe x Halle,0.701,0.668,5,-7.287,0,0.0516,0.0916,2.09e-06,0.111,0.553,82.978,4
1mCsF9Tw4AkIZOjvZbZZdT,Break My Stride,Matthew Wilder,0.917,0.588,10,-11.047,1,0.0607,0.195,0.0,0.0914,0.828,110.077,4
5Ba4YFq13YdsTosd7mwqzi,Lluvia,Eddie Santiago,0.653,0.748,10,-7.895,1,0.0378,0.503,3.43e-05,0.0787,0.77,165.048,4
38UKG3bIB4gT3EzQqE3eEm,Ligia Elena,Rubén Blades,0.787,0.561,9,-8.575,1,0.0455,0.554,0.0,0.115,0.932,132.748,4
64rMBgXnYB3zU2oOvlxrc2,All Will Be Well,Gabe Dixon,0.65,0.396,4,-10.379,1,0.0263,0.662,0.0,0.245,0.435,108.962,4
6qG9cPYztan2Tf5Le5wNao,Segundo Plato,Voz Veis,0.446,0.625,5,-8.578,1,0.062,0.629,0.0,0.166,0.707,83.509,1
5XXJnC5TvcL2QsAZ3Nxgku,I Love You Boy,Suzy,0.458,0.384,8,-5.045,1,0.0267,0.734,0.0,0.0985,0.157,148.21,3
3IBEviRWnwTwmzaGOY3y3D,My Love,T-ARA,0.778,0.799,7,-2.822,0,0.0296,0.209,6.24e-06,0.308,0.826,126.952,4
56VSMwyB4E3wpjKlLk9kv0,In front of city hall at the subway station,Kwak Jin Eon,0.663,0.37,3,-7.603,1,0.0268,0.774,1.23e-06,0.155,0.468,103.018,4
6lAFMbiZ00wBYwvDGA5PmB,Beautiful My Love,Urban Zakapa,0.564,0.503,5,-6.367,1,0.0265,0.785,5.17e-06,0.114,0.224,96.986,4
0q58M70BS6kq2q82rpwxcz,Confession Is Not Flashy,KYUHYUN,0.606,0.4,2,-6.734,1,0.0297,0.527,0.0,0.104,0.308,98.021,4
2CHk9VD0glOknemRMFEQfH,Introduce me a good person,JOY,0.618,0.562,3,-4.462,1,0.0306,0.693,0.0,0.123,0.725,94.028,4
35q0DyRH5bIXDoFGWJBjmC,Lonely Night,Kwon Jin Ah,0.484,0.403,5,-6.07,1,0.0333,0.659,0.0,0.0976,0.206,171.578,4
6TitBrzYhD1mTxqXADFo7v,Aloha,CHO JUNG SEOK,0.671,0.6,2,-3.883,1,0.024,0.404,0.0,0.0912,0.478,98.993,4
7meeJ9r3WWhQq6MqdigFzF,Ship and the Globe,Kae Sun,0.909,0.461,1,-4.714,0,0.0453,0.00162,0.0114,0.0737,0.339,104.004,4
6u49Dct5CIZExn7KKJYiWG,Mi Querencia,Simón Díaz,0.346,0.433,9,-9.727,0,0.0317,0.928,0.000844,0.33,0.563,163.067,4
1OW3pXLhVdMm7giLW6siEm,Amor Verdadero,Willie Colón,0.681,0.874,0,-5.709,1,0.146,0.369,1.59e-05,0.158,0.846,129.335,4
46byx3nwRDZwZ0dxPZNs0G,Ángel - Once in Your Lifetime,Belinda,0.581,0.834,0,-5.185,1,0.0707,0.216,0.0,0.323,0.517,164.015,4
5K9lB2Pyx7XOQyPJKFsjPg,No Basta,Franco De Vita,0.573,0.715,9,-6.314,1,0.0361,0.325,1.55e-05,0.921,0.376,129.82,4
5iTi04Z86W5kvs6M2bc6On,Un Buen Perdedor,Franco De Vita,0.493,0.606,7,-6.454,0,0.0389,0.559,6.46e-05,0.709,0.287,140.239,4
3E9i07IoV9ZjKAbGXj6K3q,Te Veo Venir Soledad - Bachata,Franco De Vita,0.623,0.424,3,-7.334,1,0.029,0.573,0.0,0.176,0.477,91.178,4
7jBQzZxlbtxZD1Pl3jAihH,Si Tú No Estás,Franco De Vita,0.527,0.794,1,-5.373,1,0.0811,0.252,0.0,0.0672,0.648,171.921,4
66iygyOSvvoQQsKJ1vEXfT,Tú de Qué Vas,Franco De Vita,0.607,0.629,11,-5.931,1,0.0316,0.405,0.0,0.203,0.567,80.11,4
53YOxbgYpm0Vka9Ie25Kyu,Tan Sólo Tú (feat. Alejandra Guzmán) - Franco De Vita en Primera Fila,Franco De Vita,0.411,0.514,7,-6.176,1,0.037,0.446,0.0,0.984,0.206,148.357,4
6D3yX0b8McnqftOZbNGMwM,Te Amo,Franco De Vita,0.584,0.636,10,-6.654,1,0.0517,0.539,5.94e-06,0.871,0.337,129.24,4
7xVEvr9wPXLPU286pCfYM3,Si la Ves (feat. Sin Bandera),Franco De Vita,0.614,0.664,7,-3.939,1,0.0304,0.233,0.0,0.459,0.405,115.956,4
7MF7QAodbGzNYav5ZfIhAY,Midnight Train to Georgia,Gladys Knight & The Pips,0.595,0.379,10,-12.058,0,0.0454,0.271,2.81e-05,0.1,0.448,92.006,4
0WNGsQ1oAuHzNTk8jivBKW,Spring Day,BTS,0.539,0.846,8,-3.192,1,0.0354,0.0063,1.68e-06,0.13,0.46,106.992,4
1eIk4CkooTRycHSDfaShLC,Empire,Shakira,0.541,0.628,0,-4.682,0,0.0603,0.733,0.0,0.056,0.364,80.027,4
5BSclXJTa9B0iURhUjZo50,La Tortura (feat. Alejandro Sanz),Shakira,0.74,0.783,0,-5.367,1,0.0427,0.0297,0.000308,0.123,0.812,100.011,4
3uU6dqBjVKRTPis0RrTaT4,Las de la Intuición,Shakira,0.728,0.731,2,-7.075,0,0.0347,0.0331,0.351,0.0888,0.602,130.032,4
4EDfdYJ7mqXRoWAqzF1PVO,Ojos Así,Shakira,0.717,0.952,6,-4.902,1,0.0481,0.15,0.0,0.166,0.665,126.993,4
1fPCGREltHJuV3axEPydLp,Loba,Shakira,0.853,0.706,7,-7.598,1,0.0451,0.403,0.046,0.0751,0.778,121.991,4
2O2J6GrQzv3mkXuMfFEPMY,Subtítulos,Lasso,0.631,0.79,1,-3.807,1,0.273,0.701,4.43e-06,0.0947,0.729,195.919,4
374Yj1kOLjGLYLOydbCO3i,Odio Que No Te Odio,Lasso,0.677,0.502,1,-7.098,1,0.0253,0.484,0.0,0.0992,0.526,96.579,3
6lD6teuXDcKDFQEb8feDZA,Questions,THAMA,0.771,0.41,1,-7.22,1,0.0659,0.208,0.0,0.159,0.238,120.021,4
40riOy7x9W7GXjyGp4pjAv,Hotel California - 2013 Remaster,Eagles,0.579,0.508,2,-9.484,1,0.027,0.00574,0.000494,0.0575,0.609,147.125,4
2C9UWCuysy7CdAAkhqKjNa,Enamorado de Ella,Rubby Pérez,0.498,0.637,0,-12.197,1,0.0425,0.646,0.0,0.102,0.733,124.351,4
1siV5UzcXuFK5tMUVQ5KiM,Amor Narcótico,ChiChi Peralta,0.704,0.687,8,-10.302,1,0.133,0.473,0.0,0.0784,0.645,111.932,4
49PNURIk7SExp5h7YN3t94,La Quiero A Morir.,Sergio Vargas,0.562,0.786,2,-4.555,1,0.0332,0.659,0.000856,0.27,0.836,130.751,4
7yw4SuDX7ctCOb5GwQWImp,Frenesí,Oscar D'León,0.632,0.491,10,-7.304,1,0.0415,0.718,0.0,0.121,0.565,115.261,4
2AY1UAimvTqjJC8vDJsOyy,Mayores,Becky G,0.745,0.836,5,-4.336,0,0.0444,0.145,0.00314,0.116,0.874,96.993,4
1DrDfpOx4P4LMxFhtOmeyD,Fanatica Sensual,Plan B,0.807,0.853,1,-3.644,1,0.0513,0.106,0.0,0.0937,0.892,82.027,4
5zSOVwaY3sVjnmLhuEfsuf,Tú Foto,Ozuna,0.748,0.565,7,-5.895,1,0.0476,0.164,0.00169,0.103,0.812,175.92,4
3V8UKqhEK5zBkBb6d6ub8i,Te Boté - Remix,Nio Garcia,0.903,0.675,11,-3.445,0,0.214,0.542,1.28e-05,0.0595,0.442,96.507,4
6x5LBP3nYXVdIDoomChGr3,Marinero,Maluma,0.58,0.491,7,-5.156,1,0.0473,0.683,0.0,0.122,0.843,83.81,4
6DUdDIRgLqCGq1DwkNWQTN,Borro Cassette,Maluma,0.73,0.701,5,-5.885,0,0.106,0.132,0.0,0.151,0.785,175.95,4
5YKOi7pW52bjIzUDjv7K8N,Punto G,KAROL G,0.791,0.746,6,-4.716,1,0.0907,0.00938,0.000125,0.125,0.903,165.994,4
2ksOAxtIxY8yElEWw8RhgK,China,Anuel AA,0.786,0.808,7,-3.702,1,0.0882,0.0846,0.000289,0.0822,0.609,105.027,4
7ii1YH0rOmpoRfH9HyY8To,Amor Prohibido,Selena,0.548,0.688,7,-6.053,1,0.0372,0.455,0.0,0.072,0.813,179.842,4
5llig1g4fFLHVpyhQQXShJ,La Carcacha,Selena,0.674,0.652,8,-11.446,1,0.262,0.159,0.0,0.34,0.89,182.075,4
1lh3TnDpfNBNfLfOWghNnp,El Chico Del Apartamento 512,Selena,0.762,0.654,10,-10.392,1,0.0335,0.481,2.8e-06,0.0791,0.925,102.059,4
5ubqSAc9LxUS2CsMHcA4kF,Como La Flor,Selena,0.632,0.75,10,-7.739,1,0.0358,0.162,1.64e-05,0.368,0.87,91.17,4
059bcIhyc2SBwm6sw2AZzd,Te Vi,Piso 21,0.877,0.777,1,-4.246,1,0.117,0.0446,3.46e-05,0.0863,0.706,102.02,4
1RouRzlg8OKFeqc6LvdxmB,Felices los 4,Maluma,0.766,0.756,5,-5.861,1,0.132,0.213,0.0,0.349,0.716,94.027,4
2ijef6ni2amuunRoKTlgww,Sin Pijama,Becky G,0.791,0.745,11,-3.695,0,0.0464,0.354,2.93e-05,0.104,0.82,94.014,4
7BlBVFwvbWvcwNcUarQmjk,"Yo x Ti, Tu x Mi",ROSALÍA,0.78,0.759,1,-3.292,1,0.225,0.462,0.000868,0.143,0.579,91.952,4
3IyPnNX142pvWx6D5CiimD,Amantes,Greeicy,0.8,0.681,2,-4.076,1,0.0912,0.14,0.0,0.0831,0.637,92.027,4
2TH65lNHgvLxCKXM3apjxI,Callaita,Bad Bunny,0.61,0.624,2,-4.773,1,0.309,0.6,2.12e-06,0.243,0.244,176.169,4
3tOmzBrWaHg97FKgsqhhEd,Destino,Greeicy,0.708,0.761,0,-3.02,1,0.093,0.0105,8.51e-06,0.0462,0.71,188.124,4
0fea68AdmYNygeTGI4RC18,LA CANCIÓN,J Balvin,0.754,0.646,7,-5.795,1,0.317,0.152,1.85e-05,0.108,0.429,176.089,4
7k4t7uLgtOxPwTpFmtJNTY,Tusa,KAROL G,0.803,0.715,2,-3.28,1,0.298,0.295,0.000134,0.0574,0.574,101.085,4
17vGPoIBXnSEd31N4B3gSR,Y Si Fuera Ella,SHINee,0.516,0.496,1,-5.784,1,0.029,0.517,0.0,0.147,0.314,75.621,4
6vECYJHxYmm3Ydt3fF01pE,Stolen Dance,Milky Chance,0.885,0.581,11,-8.813,1,0.0378,0.427,0.000204,0.0759,0.728,114.016,4
1xDUHKuPnLC96fGTJataYa,Even the Nights Are Better,Air Supply,0.433,0.518,5,-10.416,1,0.0369,0.535,0.0,0.176,0.24,115.377,4
3APayTEWiUl9Ssep4BOXR2,Torn,Natalie Imbruglia,0.558,0.928,5,-3.04,1,0.0356,0.0746,5.44e-05,0.696,0.6,96.313,4
35ItUJlMtjOQW3SSiTCrrw,Crazy Little Thing Called Love - Remastered 2011,Queen,0.599,0.762,0,-6.887,1,0.0423,0.714,4.43e-06,0.35,0.715,76.961,4
3o7k5Mcdi0PFAXICTqjxra,Massachusetts - Stereo Version,Bee Gees,0.483,0.573,7,-7.951,1,0.0286,0.00221,3.14e-05,0.0674,0.506,102.122,4
07PIhdmyYIw8dMeDMsx9FU,Words,Bee Gees,0.259,0.289,2,-10.491,1,0.0285,0.14,0.0,0.162,0.246,80.326,4
5xUnexOUxzzuBzn1bylSzi,Lost In Love,Air Supply,0.563,0.532,7,-11.295,1,0.0291,0.588,0.0131,0.186,0.503,114.491,4
5935V1ylGXI8Gues0oU7f5,Vivir Lo Nuestro,LA INDIA,0.637,0.667,5,-6.561,0,0.044,0.6,0.0,0.871,0.798,91.302,4
4QJ8baI8wtl4lPLHyF6eCG,Devorame Otra Vez,Eddie Santiago,0.559,0.734,6,-5.593,0,0.0369,0.639,0.0146,0.103,0.961,178.58,4
2ULL3VZf4WwBKO4vjwT7Bg,Sloop John B,The Beach Boys,0.567,0.745,8,-5.423,1,0.0264,0.402,0.0,0.0873,0.903,125.575,4
2V2vMp1KIyoUelGT2znztx,Take The Long Way Home,Supertramp,0.423,0.499,5,-14.548,1,0.0301,0.218,0.000561,0.0834,0.391,76.846,4
6mHOcVtsHLMuesJkswc0GZ,The Logical Song - Remastered 2010,Supertramp,0.625,0.758,5,-6.213,0,0.0463,0.512,0.00022,0.153,0.695,119.719,4
3bGidOZsEEuLHC9noPK3AW,Bad Habit,The Kooks,0.733,0.886,0,-4.194,0,0.0396,0.0536,1.76e-05,0.136,0.858,123.068,4
36CKza28wMxYdjdzji7ine,I Started A Joke,Bee Gees,0.31,0.464,7,-8.755,1,0.0275,0.156,8.94e-06,0.132,0.431,144.775,4
61hJK3EfAd1LDk7x5OrCTc,Tu Recuerdo (feat. La Mari De Chambao & Tommy Torres) - MTV Unplugged Version,Ricky Martin,0.4,0.82,0,-5.235,0,0.103,0.502,0.0,0.712,0.398,83.415,4
0892wPiVU3lHRaH7L6l7g1,Vérité,Claire Laffut,0.766,0.528,1,-7.827,0,0.0649,0.598,0.0132,0.0918,0.514,96.976,4
77bGNpC1hZH3JSZQhR1vxn,boy,offonoff,0.73,0.387,7,-8.473,0,0.0606,0.694,0.0,0.108,0.132,131.958,4
22tAOnXPrSFOp2En3WcyyA,bath,offonoff,0.65,0.346,7,-7.85,0,0.0402,0.721,0.000577,0.371,0.125,123.919,4
0PkpRtJqrwuXhbdtJuQm7E,Photograph,offonoff,0.597,0.458,3,-8.295,1,0.0609,0.809,0.0,0.105,0.184,90.15,4
65h4yduK6bShDuahteRxgR,À peu près,Pomme,0.456,0.658,9,-7.036,0,0.0336,0.407,5.78e-06,0.2,0.289,96.339,3
0W4HvCDaxjQbhlvgB9W7gO,Sans toi,Pomme,0.675,0.359,1,-8.483,0,0.042,0.851,2.76e-05,0.0757,0.193,117.073,4
76ziL4M1nP9psv11be5812,Dance The Night Away,TWICE,0.711,0.861,0,-2.905,1,0.0924,0.106,4.4e-05,0.112,0.78,118.004,4
2QjOHCTQ1Jl3zawyYOpxh6,Sweater Weather,The Neighbourhood,0.612,0.807,10,-2.81,1,0.0336,0.0495,0.0177,0.101,0.398,124.053,4
4gjVhOuUPOpF23uKkcfVYU,What is Love?,TWICE,0.573,0.91,8,-1.578,1,0.064,0.0846,0.0,0.266,0.602,169.982,4
561F1zqRwGPCTMRsLsXVtL,Time in a Bottle,Jim Croce,0.544,0.265,2,-11.952,1,0.035,0.848,0.0,0.196,0.7,133.837,3
5PQ17j37k1X7ZCIKqWQgbw,Yellow Flicker Beat,Lorde,0.559,0.627,1,-7.826,1,0.0393,0.11,0.000192,0.124,0.0603,94.87,4
5BpmwiKR6ns1EtfCQRpNUc,Flicker,Niall Horan,0.263,0.307,3,-9.724,1,0.0295,0.71,7.48e-06,0.337,0.239,182.082,3
0qvzXomUDJVaUboy2wMfiS,This Town,Niall Horan,0.677,0.401,9,-8.467,1,0.0308,0.712,0.0,0.116,0.195,111.825,4
2cOUlop2ZakjOKe4WinesN,Slow Hands,Niall Horan,0.735,0.425,0,-6.648,1,0.0464,0.011,0.0,0.055,0.848,85.896,4
5KqldkCunQ2rWxruMEtGh0,The Gambler,Kenny Rogers,0.671,0.501,4,-13.119,1,0.0594,0.342,0.0,0.194,0.86,87.04,4
4fXGWiVhlOLdhwRDP6pIFG,Lemon Tree,Fools Garden,0.663,0.475,1,-8.834,1,0.0417,0.643,0.0,0.122,0.644,143.175,4
2fXKyAyPrEa24c6PJyqznF,Common People - Full Length Version,Pulp,0.314,0.797,0,-9.026,1,0.038,0.0057,5.59e-05,0.0718,0.569,145.393,4
0AReJFKRQtdNl6t23M8FVH,La Nave Del Olvido,Cristian Castro,0.223,0.523,1,-6.49,1,0.0349,0.588,0.0,0.114,0.386,185.0,3
60zxdAqWtdDu0vYsbXViA7,FANCY,TWICE,0.699,0.866,5,-2.138,0,0.0446,0.0132,0.0,0.648,0.795,132.023,4
1ecsjkqu88YoZ7Ba4UjIxx,Blame It On The Girls,MIKA,0.755,0.871,11,-5.172,1,0.0658,0.0869,3.75e-05,0.52,0.934,144.487,4
3JvrhDOgAt6p7K8mDyZwRd,Riptide,Vance Joy,0.484,0.731,1,-6.694,1,0.0379,0.431,0.0,0.151,0.51,101.654,4
3ye3kttvMF7RqVGUZFXaPp,Lukewarm,satomoka,0.669,0.408,2,-7.809,1,0.0273,0.537,1.12e-05,0.165,0.496,94.989,4
28upjDakWVnHAgW2anm273,A Puro Dolor - Balada,Son By Four,0.56,0.544,0,-10.171,1,0.0465,0.342,0.0,0.203,0.347,149.695,4
48svUiwMMYQRPyesVEnof1,Tabaco Y Chanel,Bacilos,0.643,0.576,7,-6.896,1,0.0303,0.0267,0.0,0.273,0.699,97.022,4
1uKjQoh8JZj9ryuYRhpd7E,Ahora Te Puedes Marchar,Luis Miguel,0.78,0.877,6,-3.683,0,0.0427,0.148,2.36e-06,0.0627,0.909,133.263,4
2SpEHTbUuebeLkgs9QB7Ue,Jolene,Dolly Parton,0.674,0.537,1,-10.971,0,0.0363,0.566,0.0,0.131,0.809,110.578,4
1qSoNWM4eJR6QK4g7mMZ9j,Aunque Sea Poco,Voz Veis,0.617,0.472,10,-12.374,1,0.102,0.164,0.0,0.34,0.689,94.823,4
1UZOjK1BwmwWU14Erba9CZ,Malibu,Miley Cyrus,0.573,0.781,8,-6.406,1,0.0555,0.0767,2.64e-05,0.0813,0.343,139.934,4
2h9Pbowa85GYBxWiUZWoH4,My Secret,水野佐彩,0.374,0.963,1,-1.219,1,0.0651,0.174,0.000148,0.201,0.539,184.038,4
44P4KA5jrWrfoUh6DRDw1w,El Farolito,Voz Veis,0.445,0.244,7,-13.528,1,0.0484,0.871,0.0,0.113,0.244,66.437,4
4zvHZWOGyL7WcmqHOgtGCW,Everytime,boy pablo,0.431,0.663,2,-10.066,1,0.0351,0.0249,0.0397,0.117,0.855,203.908,4
1Hb1IJ9bBCa6wo3fRtexnJ,Shake Me Down,Cage The Elephant,0.457,0.613,9,-5.756,1,0.0295,0.00463,0.000406,0.0711,0.132,105.111,4
6mb6lVLNrcUgLnEN8QnDJd,How Far I'll Go,Auli'i Cravalho,0.571,0.307,1,-10.958,0,0.0499,0.649,0.0,0.178,0.108,83.72,4
6PEAczuJSgvVBZ3NS01zKK,Ni Rosas Ni Juguetes,Paulina Rubio,0.645,0.735,0,-7.079,1,0.0335,0.0175,0.0,0.369,0.639,96.083,4
0gdt218D74akk9AqMlbc45,Causa Y Efecto,Paulina Rubio,0.635,0.83,0,-6.238,1,0.0379,0.00424,0.0,0.203,0.308,136.026,4
2o2wbShVBEl7yCqizXEGUN,Un Beso Y Una Flor,Nino Bravo,0.253,0.553,9,-8.837,1,0.0324,0.709,0.0,0.0602,0.43,168.564,4
2iT6NCYxxCmE1gqYaDbWbG,No Hope,The Vaccines,0.448,0.812,2,-3.697,1,0.0419,0.00146,0.00025,0.309,0.631,93.906,4
0CsM8VGDi38kusMv3pxyj1,True - Single Edit,Spandau Ballet,0.742,0.533,0,-9.098,1,0.0288,0.459,0.148,0.064,0.391,97.395,4
2X9fsxb6O6bYEopJYmUbNC,Gold,Spandau Ballet,0.711,0.74,10,-7.776,0,0.0361,0.258,0.0111,0.104,0.639,143.053,4
1CwCEQ5zp7w7F0ftGB1yia,Littlest Things,Lily Allen,0.283,0.701,4,-7.595,0,0.135,0.66,1.67e-06,0.111,0.564,165.752,4
39qYD4J4BKvZMQgxfXl5bv,Eye In The Sky,The Alan Parsons Project,0.823,0.417,2,-12.643,1,0.032,0.562,0.00098,0.0765,0.522,111.928,4
5xilD5ciilxBybht1YGHkD,We're #1,The World Record,0.621,0.747,10,-4.998,1,0.0329,0.0181,2.63e-05,0.0824,0.628,125.861,4
7BHPGtpuuWWsvE7cCaMuEU,Naive,The Kooks,0.391,0.808,8,-6.209,0,0.0892,0.0759,0.0,0.149,0.737,100.304,4
1Q8reqCOXg2yqNr47HGo9X,Norgaard,The Vaccines,0.323,0.847,11,-4.716,1,0.0348,5.12e-06,0.0208,0.25,0.859,173.914,4
77GZxme1GMNbbooEH8nHNX,Post Break-Up Sex,The Vaccines,0.402,0.902,5,-4.115,1,0.0469,7.32e-05,0.00465,0.261,0.569,136.883,4
6zZO7pgeSAe2Ba5ym0gQwl,Wetsuit,The Vaccines,0.474,0.742,5,-6.233,1,0.0324,0.00444,0.00666,0.166,0.233,120.744,4
0KNVDEeZWXZPIYKqJeRRpX,If You Wanna,The Vaccines,0.352,0.866,2,-3.274,1,0.0392,3.03e-05,2.92e-05,0.295,0.544,165.209,4
0qxYx4F3vm1AOnfux6dDxP,You Can Call Me Al,Paul Simon,0.776,0.763,5,-8.124,1,0.0534,0.182,0.00647,0.077,0.82,128.433,4
029NqmIySn1kOY305AAhxT,Sledgehammer,Peter Gabriel,0.657,0.685,1,-5.203,1,0.0334,0.0246,0.0,0.037,0.424,96.458,4
66gQu4ZIHmDhB8H4wkwm5f,We Exist,Arcade Fire,0.567,0.507,1,-8.761,1,0.0267,0.00636,0.231,0.17,0.335,116.398,4
2UWdUez9MB9yzL7Y81Mcip,The Suburbs,Arcade Fire,0.616,0.682,6,-6.148,0,0.0265,0.0578,0.0241,0.342,0.528,117.78,4
2ihCaVdNZmnHZWt0fvAM7B,Little Talks,Of Monsters and Men,0.457,0.757,1,-5.177,1,0.032,0.0206,0.0,0.146,0.417,102.961,4
13P5rwmk2EsoFRIz9UCeh9,Cool Kids,Echosmith,0.719,0.671,8,-6.279,1,0.0336,0.0372,8.21e-06,0.12,0.786,130.027,4
6GRDI9suQHikFP6euIXnpq,Hero,Family of the Year,0.341,0.539,5,-5.76,1,0.0265,0.213,6.44e-05,0.109,0.267,174.564,4
7w5cxTEzp1rfV3KCy0Bd5N,Home,Edward Sharpe & The Magnetic Zeros,0.542,0.589,2,-6.623,1,0.0318,0.292,0.000522,0.177,0.137,111.665,4
3RIgHHpnFKj5Rni1shokDj,Norman fucking Rockwell,Lana Del Rey,0.215,0.203,5,-12.65,1,0.0346,0.968,0.0585,0.0923,0.143,78.287,1
5HiSc2ZCGn8L3cH3qSwzBT,러시안 룰렛 Russian Roulette,Red Velvet,0.726,0.903,7,-2.277,0,0.0357,0.055,0.000225,0.158,0.958,129.986,4
5w0fJChfLdRN3bGTnJGaSx,CHEER UP,TWICE,0.548,0.885,6,-1.48,1,0.125,0.139,0.0,0.0716,0.509,172.946,4
2vvdTrdryjsl8DmPIMDWZU,EL BAÑO,Enrique Iglesias,0.71,0.888,6,-3.036,0,0.0382,0.259,0.0,0.0969,0.626,90.009,4
4knVifz5rbSe6vHjBD3tPd,The Boy With The Arab Strap,Belle and Sebastian,0.577,0.83,7,-9.888,1,0.0585,0.365,0.0115,0.0759,0.687,142.385,4
1yq1taCTc0NemVQmdDEmlg,Bookends,Simon & Garfunkel,0.485,0.172,4,-17.095,1,0.0336,0.907,0.0745,0.109,0.593,143.129,3
5nWbbQ0sIEabqPxAdqmh66,Sweet Disposition,The Temper Trap,0.54,0.804,2,-7.112,1,0.0425,0.078,0.171,0.115,0.347,129.088,4
0E0JKMR4uiCZhpI3brAoxI,She's Got You High,Mumm-ra,0.463,0.736,4,-4.341,1,0.0329,0.024,0.0,0.293,0.374,131.594,4
6XQHlsNu6so4PdglFkJQRJ,"City Of Stars - From ""La La Land"" Soundtrack",Ryan Gosling,0.492,0.116,2,-15.15,0,0.0379,0.899,1.93e-06,0.0889,0.434,111.787,4
7iocNjLrxPHLl8njgRlv5U,Married Life,Michael Giacchino,0.278,0.0675,0,-20.946,1,0.04,0.97,0.732,0.0812,0.112,82.626,3
2K3bjojp1sCLdMMoO5lJ2p,Milionària,ROSALÍA,0.857,0.574,8,-6.441,1,0.416,0.602,1.24e-06,0.0663,0.906,116.008,4
6ybViy2qrO9sIi41EgRJgx,Don't Know Why,Norah Jones,0.732,0.198,5,-11.775,1,0.028,0.883,1.1e-05,0.0659,0.618,88.174,4
5t9KYe0Fhd5cW6UYT4qP8f,Good Vibrations - Remastered 2001,The Beach Boys,0.396,0.473,10,-7.67,0,0.0345,0.326,0.000124,0.109,0.385,133.449,4
2r1T6xGTVaNAqBoPH4lZEE,Waste It On Me (feat. BTS),Steve Aoki,0.669,0.684,7,-4.595,1,0.0585,0.252,0.0,0.72,0.466,96.097,4
4W6vliznRlX2I1SGlqXg1O,Piece Of Mind,Kehlani,0.539,0.837,1,-3.596,1,0.136,0.0312,0.0,0.0935,0.39,77.062,4
1dd4JjPnaBpz0fU7QU3sta,Put Your Hand On My Shoulder,The Kisslcats,0.729,0.407,7,-10.52,1,0.0328,0.743,0.095,0.123,0.32,112.393,3
5HQVUIKwCEXpe7JIHyY734,"Young, Wild & Free (feat. Bruno Mars)",Snoop Dogg,0.715,0.655,0,-6.425,1,0.137,0.0525,0.0,0.115,0.531,95.078,4
4T8bIyWapBftpSuQDp6vuz,Make You Feel My Love,Adele,0.325,0.18,10,-10.647,1,0.0311,0.91,0.000633,0.113,0.0997,72.416,1
3f5NR54YGbEi4kVF5ORMt1,Let Her Go,Passenger,0.479,0.545,7,-7.346,1,0.0688,0.365,0.0,0.0963,0.244,74.897,4
3SkeDDHXP7IKUEkW4W9zmP,Billie Jean,Michael Jackson,0.93,0.601,11,-4.433,0,0.0401,0.0194,0.0161,0.0437,0.848,117.085,4
0FYRcrzDqRslCeGTGif3MO,Barracuda,Heart,0.519,0.938,4,-4.098,0,0.0622,0.00275,0.0274,0.166,0.616,137.244,4
0J1tiRNQlfiOCjz8CopHcy,Devil Woman,Cliff Richard,0.71,0.792,0,-5.996,1,0.0453,0.0792,3.32e-05,0.0871,0.858,116.687,4
1W80KFUkKrl57tx56V7Lzk,Goodbye Stranger,Supertramp,0.409,0.753,1,-5.094,1,0.0557,0.537,0.00643,0.102,0.352,125.665,4
2izSl0tXgc1dSHRfGDDTOF,Gloria,Laura Branigan,0.748,0.848,9,-5.088,1,0.0306,0.152,0.232,0.126,0.793,131.369,4
3ptww4JwGCUNrlh0tIIxJQ,The Passenger,Siouxsie and the Banshees,0.496,0.923,5,-6.022,1,0.147,0.0102,5.13e-05,0.141,0.452,139.503,4
4SYofT0PIlsEvYfOSrAGxV,The Chain - 2004 Remaster,Fleetwood Mac,0.523,0.757,9,-6.934,1,0.0515,0.0521,8.07e-05,0.0465,0.652,152.016,4
4dz2EMA4LSptQgXqFNXgyr,Gone Daddy Gone,Violent Femmes,0.576,0.948,2,-4.263,0,0.0702,0.465,0.000413,0.178,0.867,78.063,4
5ElKBacKgbdSm4geIz2HPo,Shooting Star,Bad Company,0.5,0.801,9,-4.415,1,0.0359,0.103,0.0,0.0815,0.594,83.149,4
3x2bXiU0o4WbsPkawXlfDA,Who Are You,The Who,0.651,0.661,9,-11.405,1,0.0511,0.265,0.00313,0.106,0.489,156.371,4
54eZmuggBFJbV7k248bTTt,A Horse with No Name,America,0.654,0.506,11,-17.18,0,0.0535,0.686,0.0155,0.155,0.831,123.179,4
1HOMkjp0nHMaTnfAkslCQj,My Sharona,The Knack,0.586,0.7,0,-9.558,1,0.0363,0.0589,0.00125,0.0318,0.897,147.245,4
4bHsxqR3GMrXTxEPLuK5ue,Don't Stop Believin',Journey,0.5,0.748,4,-9.072,1,0.0363,0.127,0.0,0.447,0.514,118.852,4
1CS7Sd1u5tWkstBhpssyjP,Take Me to Church,Hozier,0.566,0.664,4,-5.303,0,0.0464,0.634,0.0,0.116,0.437,128.945,4
23Fw0qh3Onqn2276LiL2pT,Lloraras,Oscar D'León,0.708,0.709,9,-7.555,1,0.0472,0.582,0.000516,0.0717,0.962,96.046,4
5jJTqI5yteOyLWoDTjiHCO,Yo No Se Manana - Salsa Version,Luis Enrique,0.636,0.83,4,-3.203,0,0.0423,0.657,0.0,0.168,0.732,95.224,4
1jD48pmiHMSVHHPzKLi4P3,Tu Eres Ajena,Eddy Herrera,0.751,0.788,9,-6.011,1,0.0436,0.267,0.0,0.189,0.939,133.294,4
1rfofaqEpACxVEHIZBJe6W,Havana (feat. Young Thug),Camila Cabello,0.765,0.523,2,-4.333,1,0.03,0.184,3.56e-05,0.132,0.394,104.988,4
2m1hi0nfMR9vdGC8UcrnwU,All The Small Things,blink-182,0.434,0.897,0,-4.918,1,0.0488,0.0103,0.0,0.612,0.684,148.726,4
1mqlc0vEP9mU1kZgTi6LIQ,September,"Earth, Wind & Fire",0.693,0.911,9,-3.691,1,0.0305,0.183,0.000107,0.3,0.982,125.895,4
1jDJFeK9x3OZboIAHsY9k2,I'm Still Standing,Elton John,0.504,0.904,6,-6.863,1,0.179,0.356,0.121,0.14,0.772,176.808,4
1rHMg7t3LICgfTl2OsDn46,The Wind,Yusuf / Cat Stevens,0.758,0.187,2,-18.963,1,0.0437,0.927,0.1,0.122,0.78,115.75,4
6Xz7FeyE8HTP90HecgHV57,Wild World,Yusuf / Cat Stevens,0.484,0.508,0,-9.308,1,0.0364,0.376,0.000791,0.0961,0.554,151.867,4
3Q4WeJmzxuDpzMu9QjQqbM,Big Girls Don't Cry (Personal),Fergie,0.708,0.641,7,-4.296,1,0.0335,0.205,0.0,0.0945,0.253,113.082,4
3U4isOIWM3VvDubwSI3y7a,All of Me,John Legend,0.422,0.264,8,-7.064,1,0.0322,0.922,0.0,0.132,0.331,119.93,4
1p80LdxRV74UKvL8gnD7ky,Blank Space,Taylor Swift,0.753,0.678,5,-5.421,1,0.0644,0.085,1.64e-06,0.13,0.583,96.006,4
4Dw02sVUfUA67l3fZ9FoKs,"My Heart Will Go On - Love Theme from ""Titanic""",Céline Dion,0.244,0.36,4,-9.05,1,0.0321,0.725,0.0,0.137,0.0381,98.347,1
1qDrWA6lyx8cLECdZE7TV7,Somebody That I Used To Know,Gotye,0.865,0.521,0,-6.932,1,0.0371,0.548,0.000115,0.0989,0.748,129.059,4
7hQJA50XrCWABAu5v6QZ4i,Don't Stop Me Now - Remastered 2011,Queen,0.563,0.865,5,-5.277,1,0.16,0.0472,0.000191,0.77,0.601,156.271,4
1cJssTcMltUxhvUZLpn3Ci,I Will Always Love You,Whitney Houston,0.303,0.269,4,-9.469,1,0.0368,0.831,3.01e-06,0.0906,0.122,132.857,4
2zjt2hHBbiv5SuxYg8Z7eP,Girls Just Want to Have Fun,Cyndi Lauper,0.707,0.788,6,-5.269,1,0.0333,0.214,0.000571,0.308,0.746,120.465,4
0vg4WnUWvze6pBOJDTq99k,You're Beautiful,James Blunt,0.675,0.479,0,-9.87,0,0.0278,0.633,1.76e-05,0.088,0.454,81.998,4
1EzrEOXmMH3G43AXT1y7pA,I'm Yours,Jason Mraz,0.703,0.444,11,-9.331,1,0.0417,0.559,0.0,0.0973,0.712,150.96,4
5p34sF7EskpzTuW3RGy9fs,Total Eclipse of the Heart,Bonnie Tyler,0.428,0.644,8,-7.582,1,0.0628,0.205,0.0,0.119,0.113,129.432,4
0aym2LBJBk9DAYuHHutrIl,Hey Jude - Remastered 2015,The Beatles,0.386,0.607,10,-7.7,1,0.0261,0.0112,1.38e-05,0.088,0.532,147.207,4
4U3Ggqyv2XgnS1u82HOGQX,Every Breath You Take,The Police,0.827,0.454,1,-9.737,1,0.0346,0.564,0.00353,0.0734,0.738,117.397,4
5Bkib0XUhVqvADQoJaRoWN,Don't Go Breaking My Heart,Elton John,0.729,0.846,5,-8.841,1,0.0358,0.173,2.18e-06,0.0811,0.747,131.472,4
0ej0YkMM8E0WOWuWVZliDh,Summer Nights,John Travolta,0.747,0.663,2,-9.415,1,0.0545,0.62,5.24e-05,0.0861,0.606,124.336,4
0ll8uFnc0nANY35E0Lfxvg,Somewhere Only We Know,Keane,0.453,0.655,9,-4.22,1,0.0259,0.0794,7.61e-06,0.0849,0.368,172.012,4
0KMGxYKeUzK9wc5DZCt3HT,If You Leave Me Now,Chicago,0.434,0.563,11,-6.784,1,0.0268,0.0197,0.000824,0.128,0.275,104.183,4
38zsOOcu31XbbYj9BIPUF1,Your Song,Elton John,0.554,0.315,3,-11.028,1,0.0298,0.828,5.53e-06,0.101,0.325,128.157,4
29FNeqjOV2kPWGS55qhtGB,"Money, Money, Money",ABBA,0.756,0.741,9,-6.426,0,0.0364,0.43,0.00113,0.0807,0.691,120.445,4
5wj4E6IsrVtn8IBJQOd0Cl,Wonderwall - Remastered,Oasis,0.372,0.865,2,-4.918,1,0.0381,0.000453,0.0,0.234,0.478,174.53,4
02bKaAG61tMw9c63fzKXal,Sin miedo a nada (feat. Amaia Montero),Alex Ubago,0.573,0.574,0,-4.826,0,0.0468,0.406,0.0,0.125,0.339,132.836,4
5981zpjMYeKGoEQ6K9794L,Si Tú Me Besas,Víctor Manuelle,0.76,0.667,7,-8.384,1,0.0404,0.7,0.0,0.104,0.742,102.918,4
73jLhrKOby9QOBdAdpnsOl,La Casa,Caramelos De Cianuro,0.71,0.679,0,-8.331,1,0.0248,0.33,0.00419,0.197,0.82,108.005,4
15AbuFJdFrbINydSMSqVhV,Aléjate de Mí,Camila,0.464,0.536,1,-8.372,0,0.0472,0.159,0.0,0.0969,0.252,145.772,4
2RlgNHKcydI9sayD2Df2xp,Mr. Blue Sky,Electric Light Orchestra,0.388,0.338,10,-10.054,1,0.0329,0.652,3.73e-06,0.248,0.478,177.765,4
6IUFuke9UsBg2FDoGLVZqc,Gettin' by,ONE,0.743,0.586,0,-3.701,1,0.0558,0.238,0.0,0.196,0.642,92.961,4
5RwBhRPueJFomy6peYaAHL,Souvenir,Lasso,0.746,0.599,8,-5.349,0,0.0297,0.295,2.4e-06,0.141,0.874,127.981,4
1HnAG3hNXZzxvzVyw1U8Yy,Hijo de la Luna,Mecano,0.449,0.535,1,-7.209,0,0.0338,0.677,8.25e-06,0.0622,0.607,179.113,3
1yYrWdoONx6UyXLH0A3QMW,Dueño de Nada,José Luis Rodríguez,0.362,0.522,2,-5.207,1,0.0491,0.528,0.0,0.126,0.131,171.643,3
7Apo6o7oxgFyXaSmdx6NHN,Si Te Vas,Shakira,0.677,0.897,2,-5.458,1,0.0393,0.0431,0.0,0.264,0.828,107.78,4
2hdlRbfA2Jrq0oc34CPbcp,"Te Aviso, Te Anuncio (Tango)",Shakira,0.604,0.896,11,-5.385,0,0.0497,0.0183,1.66e-05,0.0313,0.636,179.34,4
4FdwRmlzP5KGM7OewGBYiu,Olvídame y Pega la Vuelta,Pimpinela,0.485,0.838,8,-5.759,1,0.181,0.454,0.0,0.691,0.571,76.693,4
7aOFPde65u12EJmh1dr7uL,La Gata Bajo la Lluvia,Rocío Dúrcal,0.302,0.461,7,-12.678,1,0.0547,0.717,2.23e-06,0.57,0.521,175.799,4
59HBsP5zIuEzDsrY9bB2NQ,La Que Me Gusta,Los Amigos Invisibles,0.718,0.836,7,-7.461,1,0.079,0.126,0.00013,0.127,0.588,100.007,4
2CdCMFXGix5YYGtkp8XGF0,No Me Doy Por Vencido,Luis Fonsi,0.274,0.711,3,-3.957,1,0.0554,0.401,0.0,0.439,0.426,172.765,3
5fSDXbY8o9pA3TKwAbfwML,Mi primer millon,Bacilos,0.745,0.924,5,-3.898,1,0.0355,0.201,5.01e-05,0.121,0.909,103.033,4
2Fxmhks0bxGSBdJ92vM42m,bad guy,Billie Eilish,0.701,0.425,7,-10.965,1,0.375,0.328,0.13,0.1,0.562,135.128,4
5lN1EH25gdiqT1SFALMAq1,Gold on the Ceiling,The Black Keys,0.505,0.833,0,-4.632,1,0.0475,0.00772,7.9e-05,0.069,0.565,130.121,4
0Y0EllYGykzIsjGj6E2Mh2,Carmen,Lana Del Rey,0.524,0.427,1,-9.57,0,0.0297,0.098,0.000273,0.129,0.0379,100.024,4
0F6RsU2WCpY0OEOyUmyvRZ,Blue Jeans,Lana Del Rey,0.558,0.837,3,-4.405,1,0.0633,0.418,0.0,0.0821,0.488,117.963,4
2dBwB667LHQkLhdYlwLUZK,Summertime Sadness,Lana Del Rey,0.565,0.654,1,-6.826,0,0.0335,0.0542,1.8e-06,0.122,0.235,111.968,4
3RiOPzAvhNKuMIdPYOrKV8,What The Water Gave Me,Florence + The Machine,0.491,0.566,0,-6.445,0,0.0319,0.00933,0.000226,0.114,0.184,124.091,4
6u9RqxALwkjJ1ukB1y8vuP,You've Got The Love,Florence + The Machine,0.574,0.704,6,-4.72,1,0.0319,0.00455,0.0,0.107,0.368,109.999,4
50kpGaPAhYJ3sGmk6vplg0,Love Yourself,Justin Bieber,0.609,0.378,4,-9.828,1,0.438,0.835,0.0,0.28,0.515,100.418,4
4B0JvthVoAAuygILe3n4Bs,What Do You Mean?,Justin Bieber,0.845,0.567,5,-8.118,0,0.0956,0.59,0.00142,0.0811,0.793,125.02,4
4za7ntvvwppg9MIDdJHffX,Sorry,Justin Bieber,0.679,0.748,0,-3.624,0,0.0385,0.0878,0.0,0.299,0.438,100.035,4
5yEPktRqvIhko5QFF3aBhQ,Mean,Taylor Swift,0.568,0.761,4,-3.987,1,0.0459,0.452,0.0,0.217,0.789,163.974,4
3GCL1PydwsLodcpv0Ll1ch,You Belong With Me,Taylor Swift,0.687,0.783,6,-4.44,1,0.0386,0.162,1.35e-05,0.114,0.443,129.964,4
2ekn2ttSfGqwhhate0LSR0,New Rules,Dua Lipa,0.762,0.7,9,-6.021,0,0.0694,0.00261,1.56e-05,0.153,0.608,116.073,4
35QZaWQRkmnAVqBF1TLCxQ,Nancy Mulligan,Ed Sheeran,0.68,0.852,7,-4.35,1,0.0349,0.117,0.0,0.0866,0.858,101.993,4
0afhq8XCExXpqazXczTSve,Galway Girl,Ed Sheeran,0.624,0.876,9,-3.374,1,0.1,0.0735,0.0,0.327,0.781,99.943,4
1ZBwE2UcEeZzwakjfPtRHp,Wake Me Up,Ed Sheeran,0.616,0.209,9,-13.43,1,0.406,0.902,0.0,0.139,0.336,86.891,1
3cBHUfts3KKLqXTo8U91pz,Lego House,Ed Sheeran,0.592,0.637,11,-8.48,1,0.0992,0.562,0.0,0.13,0.565,159.701,4
6wJhz2jABaX2oMChhGy39Y,The A Team,Ed Sheeran,0.642,0.289,9,-9.918,1,0.0367,0.669,0.0,0.18,0.407,84.996,4
6fxVffaTuwjgEk5h9QyRjy,Photograph,Ed Sheeran,0.614,0.379,4,-10.48,1,0.0476,0.607,0.000464,0.0986,0.201,107.989,4
1b7LMtXCXGc2EwOIplI35z,Stuck In The Middle With You,Stealers Wheel,0.795,0.564,7,-10.482,1,0.0392,0.0934,0.000531,0.0631,0.961,124.166,4
3geFzA6VBSNZUTmV3bCry6,Mardy Bum,Arctic Monkeys,0.634,0.599,2,-5.447,1,0.0365,0.0288,0.0,0.197,0.312,112.215,4
58ge6dfP91o9oXMzq3XkIS,505,Arctic Monkeys,0.52,0.852,0,-5.866,1,0.0543,0.00237,5.79e-05,0.0733,0.234,140.267,4
7e8utCy2JlSB8dRHKi49xM,Fluorescent Adolescent,Arctic Monkeys,0.646,0.813,6,-5.29,0,0.0288,0.00178,2.26e-05,0.144,0.821,112.115,4
5FVd6KXrgO9B3JPmC8OPst,Do I Wanna Know?,Arctic Monkeys,0.548,0.532,5,-7.596,1,0.0323,0.186,0.000263,0.217,0.405,85.03,4
463vX0JJqPhyyBRdbxJfeW,Cafe,Los Hidalgo,0.579,0.559,11,-9.516,0,0.0284,0.0599,0.0,0.107,0.707,139.8,4
7w6QlKAOcNEnqRgrnJvQtr,Stuck on the puzzle,Alex Turner,0.58,0.682,4,-8.523,1,0.0332,0.0792,0.0316,0.161,0.774,77.53,4
2rbDhOo9Fh61Bbu23T2qCk,Always Remember Us This Way,Lady Gaga,0.553,0.502,0,-5.972,1,0.0409,0.299,0.0,0.764,0.296,129.976,4
7MKNP9GEcCj4Vcfw3IerQ6,Old Town Road,Lil Nas X,0.908,0.517,1,-6.063,1,0.129,0.0361,1.73e-06,0.0949,0.471,136.019,4
7rl3NjLzloRZGki6Vxuz5l,Que Me Quedes Tú,Shakira,0.759,0.505,7,-8.356,0,0.0271,0.27,5.11e-05,0.286,0.386,113.031,4
40Z3eizWAhjv38Zee5PoCp,A Quien,Karina,0.43,0.492,6,-7.843,1,0.0426,0.594,5.38e-05,0.0877,0.399,72.936,4
06p2Ij0lXD45LODQDCov0u,Rosas,La Oreja de Van Gogh,0.783,0.693,9,-5.056,1,0.027,0.622,8.3e-06,0.109,0.528,106.991,4
0BNde7MfH0nt60mEOVwhlr,"Quizás Si, Quizás No",Victor Muñoz,0.654,0.8,0,-4.757,0,0.028,0.0531,0.0,0.0575,0.557,129.026,4
2ixegAWMHscuB2atSYw74z,Tu Eres Perfecta,Oscarcito,0.632,0.909,1,-3.556,1,0.0432,0.115,0.0,0.424,0.792,130.013,4
10BpvV0IRrd7D0gtHrBTN2,Rubia Sol Morena Luna,Caramelos De Cianuro,0.544,0.758,1,-5.897,0,0.0422,0.27,0.00175,0.12,0.559,140.924,4
0KAqMRUSZwzG3dZLdDA4eH,Antologia,Shakira,0.839,0.403,0,-11.059,1,0.0308,0.5,1.81e-06,0.0786,0.575,97.967,4
64GLj4vPGiBgKggzQZCMG0,Veronica,Caramelos De Cianuro,0.429,0.705,7,-10.409,1,0.0358,0.0435,0.0,0.542,0.658,174.98,4
0CNoIzqpgzvQu2gVJDulA8,Las Estrellas,Caramelos De Cianuro,0.583,0.581,7,-11.433,1,0.0317,0.0607,0.0,0.0993,0.84,109.054,4
3ljr9ATeLs2BY9gNp7vm62,Corazón En La Maleta,Luis Fonsi,0.642,0.639,9,-5.134,1,0.0529,0.027,0.0,0.0871,0.874,165.977,4
2K87XMYnUMqLcX3zvtAF4G,Drag Me Down,One Direction,0.73,0.703,0,-5.672,0,0.0369,0.109,0.0,0.0657,0.595,138.113,4
7IRZ9aTBu35je2AHT2LxvL,Be With You,AKMU,0.747,0.827,1,-2.944,0,0.0421,0.173,0.0,0.0949,0.403,104.017,4
3YQtrPNYl8G3IYzXGn86o7,No Matter How Hard I Try,Yael Meyer,0.673,0.551,9,-5.889,1,0.0825,0.269,0.00143,0.188,0.689,164.052,4
1H6n9955oAYWoH99AyoIl7,Happy,1415,0.302,0.204,8,-10.747,1,0.0347,0.954,0.00717,0.114,0.113,110.251,3
6vic1TI7BdzAc9HM0LnAF0,From now on,Vincent Blue,0.641,0.729,10,-5.577,1,0.0468,0.157,0.000374,0.121,0.749,184.059,4
4PvVKyqJ6pLVi5HKpAjTPc,MY LOVE,LeeHi,0.375,0.343,11,-7.224,1,0.0345,0.859,0.0,0.134,0.158,121.879,4
6bum69IXoiGcZCb83ZtfGA,Me Tengo Que Ir,Adolescent's Orquesta,0.464,0.799,2,-3.275,0,0.0375,0.356,0.0,0.286,0.856,96.839,4
4WWhdQ7vvcLfmI02l1SsWX,Boom Boom,Hong Dae Kwang,0.773,0.507,2,-4.815,1,0.0281,0.79,0.0,0.146,0.494,102.988,4
4IzAnfcXASd4HjXQ474ESk,SnapShot,IN2IT,0.738,0.799,0,-3.812,1,0.196,0.0508,0.0,0.0981,0.701,114.932,4
4y3OI86AEP6PQoDE6olYhO,Sucker,Jonas Brothers,0.842,0.734,1,-5.065,0,0.0588,0.0427,0.0,0.106,0.952,137.958,4
6KUE0HSSudAp9AOycaF6SH,Make It Right,BTS,0.638,0.703,7,-7.874,1,0.444,0.0104,0.0,0.132,0.261,105.766,4
1HYzRuWjmS9LXCkdVHi25K,Stay With Me,CHANYEOL,0.558,0.526,0,-4.686,0,0.033,0.431,0.0,0.126,0.202,124.709,4
72C7aUQECOhNtnD0AC36ua,They Don't Know About Us,One Direction,0.512,0.754,0,-6.031,1,0.0549,0.135,0.0,0.0881,0.336,147.89,4
3NLnwwAQbbFKcEcV8hDItk,Perfect,One Direction,0.647,0.823,2,-5.231,1,0.0762,0.0598,0.0,0.119,0.396,99.933,4
7kSLdGdXLey7pzLsWpdg1h,Little Things,One Direction,0.707,0.222,7,-11.716,1,0.0329,0.788,0.0,0.205,0.556,110.095,4
57YTtS0ryAWywzvCaMd5fL,I Want,One Direction,0.684,0.805,4,-2.843,0,0.0369,0.0176,0.0,0.157,0.498,128.039,4
5LABCxgmP7DATATIJXOh6n,Ever Since New York,Harry Styles,0.389,0.537,10,-6.761,1,0.0309,0.2,3.13e-06,0.125,0.383,127.964,5
1IF5UcqRO42D12vYwceOY6,From the Dining Table,Harry Styles,0.671,0.156,8,-16.288,1,0.0371,0.804,0.0518,0.113,0.201,94.08,4
5Lbsc65org0b85kNsPkluY,Only Angel,Harry Styles,0.554,0.842,5,-4.113,1,0.0397,0.287,0.0,0.106,0.348,114.036,4
33bURv895AN4FkBvgFo2dx,Woman,Harry Styles,0.624,0.647,3,-4.68,0,0.0335,0.0169,0.0038,0.221,0.379,136.022,4
3Dwq1oiOFys6Sxr5SslmXw,Carolina,Harry Styles,0.624,0.673,4,-4.017,0,0.0268,0.000569,1.54e-06,0.104,0.458,121.986,4
5ELRkzdzz0HvGpMDlfZHkV,Sign of the Times,Harry Styles,0.518,0.575,5,-4.616,1,0.0302,0.0259,0.0,0.109,0.209,120.019,4
5kRPPEWFJIMox5qIkQkiz5,Sweet Creature,Harry Styles,0.427,0.262,7,-8.541,1,0.0276,0.746,0.0,0.068,0.228,104.085,4
4B1rpPmQXwj78wk6aIGwwU,Two Ghosts,Harry Styles,0.386,0.407,6,-7.095,0,0.0268,0.234,1.86e-06,0.0999,0.456,69.387,4
2C2TGgFzrTRIOdQS1vUN5h,Ginza,J Balvin,0.73,0.809,5,-6.406,0,0.0876,0.208,0.0013,0.0804,0.825,101.965,4
6Ges5C2IE738iJh4HyQizQ,Ay Vamos,J Balvin,0.718,0.711,8,-5.746,0,0.11,0.157,5.54e-05,0.1,0.92,173.916,4
2D3z17LBMJ2HEHeBFFjTLi,Reggaeton,J Balvin,0.747,0.74,4,-4.325,0,0.191,0.0165,9.94e-05,0.101,0.552,176.059,4
3vgiIJW3iSQRRvgYiW86i9,Brillo,J Balvin,0.535,0.384,9,-10.049,0,0.362,0.89,0.0,0.0964,0.767,145.947,4
2qG5sZ7Si6sdK74qLxedYM,Con Altura,ROSALÍA,0.882,0.689,6,-4.027,1,0.124,0.39,0.00325,0.0501,0.746,97.963,4
0byOqNZN9ailhoORv5Ps0Z,I Am a Rock,Simon & Garfunkel,0.66,0.611,0,-10.309,1,0.0392,0.423,1.11e-05,0.107,0.749,113.898,4
1p7m9H4H8s0Y7SgRm7j3ED,Flaca,Andrés Calamaro,0.739,0.745,7,-6.658,1,0.0267,0.21,0.0135,0.127,0.949,109.326,4
4SPZfnF7tn4Sfcv3iTjKCu,나는 볼 수 없던 이야기,JANNABI,0.432,0.382,5,-8.192,1,0.0293,0.895,5.64e-05,0.13,0.114,78.255,4
619zlIsV7csW2h2narAoPC,Un Millón Como Tú,Lasso,0.435,0.745,0,-4.613,1,0.0431,0.492,0.0,0.08,0.552,179.988,3
0DQd0tWurMHUAv0cMnDELH,Stand by Me,Prince Royce,0.737,0.82,9,-2.085,1,0.0291,0.143,9.16e-05,0.129,0.914,127.998,4
4XTMj7kd8DHLl0r7ghmEAr,Caraluna,Bacilos,0.76,0.773,9,-5.314,1,0.0675,0.176,0.0,0.1,0.895,102.789,4
7BwxbmYFy0l3ROHDjV2c14,Culpable O No - Miénteme Como Siempre,Luis Miguel,0.54,0.367,0,-14.238,1,0.0277,0.0367,0.0,0.0433,0.252,70.276,4
0usJ6ywAqqeJx1nQl5SWlP,Don't Speak,No Doubt,0.522,0.707,5,-7.113,0,0.0354,0.24,2.04e-05,0.156,0.572,76.05,4
4n9e8Nx2FijSDVoumQwXPW,All By Myself,Céline Dion,0.343,0.366,11,-8.149,0,0.0281,0.353,0.00899,0.0721,0.0771,115.988,4
3EPGJcUgFvMaYVj6tRJt0s,How Deep Is Your Love,Bee Gees,0.635,0.363,5,-8.895,0,0.0257,0.293,2.51e-06,0.131,0.643,104.96,4
13JCqgohcNph1Qo5Md7NIn,What's Up?,4 Non Blondes,0.569,0.575,11,-9.349,0,0.0274,0.172,0.0,0.114,0.488,134.269,4
3wvfuyGNtR7ySfRkhtXtO9,Heaven,Bryan Adams,0.394,0.398,9,-13.874,0,0.0262,0.0492,0.0,0.115,0.357,69.979,4
1hZJcuz9iMoz6tLkFlIaUy,Take My Breath Away,Berlin,0.578,0.477,1,-8.119,1,0.0228,0.448,0.00031,0.124,0.511,95.892,4
2LowwiemmGMzzNSH1PJprK,It's Definitely You,V,0.737,0.731,10,-3.193,0,0.0706,0.241,0.0,0.087,0.761,94.999,4
3H2eAoHtn7YKRq4Qifp56g,Peek-A-Boo,Red Velvet,0.839,0.902,1,-3.612,0,0.0536,0.0868,0.00257,0.272,0.639,114.953,4
3ioPo7vcPPAPkNtAHxruxR,Ship And The Globe,Kae Sun,0.909,0.461,1,-4.714,0,0.0453,0.00162,0.0114,0.0737,0.339,104.004,4
3T7KFsyl6n3UklWgfn0Lnp,Cross My Mind,Twin Forks,0.617,0.851,11,-5.076,1,0.0285,0.405,0.0,0.25,0.506,91.015,4
5QLgt9ipb9PiDonkfrxlGD,You’re My Best Friend,The Once,0.711,0.151,0,-11.701,1,0.0357,0.846,0.0,0.073,0.464,114.946,4
3vAncbML0jhNrp63DKhsCo,Round And Round,HEIZE,0.604,0.687,0,-5.13,0,0.0327,0.757,0.234,0.0718,0.504,119.992,4
16FoyabyqWiC4G0crZDt5Y,Hush,Lasse Lindh,0.646,0.311,7,-9.169,1,0.0328,0.917,7.88e-06,0.236,0.305,130.018,4
3SfbB0Y3saMIQnNctxMVhj,I Miss You,SOYOU,0.482,0.344,5,-6.002,1,0.0318,0.901,0.0,0.129,0.211,133.499,4
1pEavn8UFAeij6afPwWfvM,All with You,TAEYEON,0.247,0.41,6,-5.725,1,0.0331,0.756,2.93e-06,0.127,0.125,62.91,4
59OFG0mm09ve4i3RcbmdwB,Forgetting You,DAVICHI,0.508,0.545,11,-6.425,1,0.037,0.58,0.0,0.361,0.233,129.183,4
7n5eQJYX7e6H5gkzgyEfQG,Can You Hear My Heart (feat. LEE HI),Epik High,0.694,0.592,7,-6.406,1,0.0367,0.742,0.0,0.124,0.305,95.047,4
6CpqE7dpek6QHNqG0CIOCP,Sin Rencor,Gran Coquivacoa,0.632,0.794,1,-9.753,0,0.0509,0.641,0.0,0.294,0.837,140.51,3
2PnNomkEqlg9ADKCVG0Wt0,Every Breath You Take,The Police,0.829,0.434,1,-10.52,1,0.0341,0.447,0.00168,0.0726,0.721,117.399,4
6tJ4sShqZ9ywdalsJs0i6B,Shampain,MARINA,0.629,0.878,5,-5.193,1,0.0317,0.00756,8.13e-06,0.126,0.763,116.03,4
0X3VdkebZGTuL9sMOMoyHy,Obsessions,MARINA,0.721,0.616,9,-6.795,0,0.0343,0.677,0.00124,0.0841,0.521,104.955,4
2Ow4Pmi0VOOLvbmJ8V70qo,How to Be a Heartbreaker,MARINA,0.69,0.897,11,-4.696,0,0.0506,0.0142,0.0,0.108,0.849,140.05,4
0cNH1IsjBVRdeDcpwHAfve,Disconnect,Clean Bandit,0.642,0.734,0,-6.788,0,0.031,0.1,3.19e-05,0.102,0.622,123.972,4
1GNIYBU1XhMSlAxJXiUBbC,Video Games,Lana Del Rey,0.39,0.255,6,-9.676,0,0.0299,0.806,1.14e-06,0.0887,0.179,122.056,4
608R6FvRtAqf2dvgKMzebP,I Want to Write You a Song,One Direction,0.714,0.443,5,-7.638,1,0.0256,0.779,0.000109,0.144,0.463,106.038,4
74tQaH4CxM5Rs9BzerEbHr,"Introducing Me - From ""Camp Rock 2: The Final Jam""",Nick Jonas,0.513,0.496,11,-6.049,1,0.0511,0.46,0.0,0.106,0.676,113.072,4
7IUBNrgkUH8XzlEWTOb1Qc,Better,Regina Spektor,0.538,0.695,5,-4.923,1,0.0256,0.0888,0.0469,0.0619,0.376,105.071,4
6lKRMylSZMtA7EqPl0pcdI,Are You Satisfied?,MARINA,0.669,0.712,0,-4.992,1,0.0412,0.303,0.0,0.0755,0.843,124.009,4
1fLhGF1JfGQYj6EZLndD86,Baby (feat. MARINA & Luis Fonsi),Clean Bandit,0.755,0.74,0,-5.354,0,0.04,0.356,1.05e-05,0.0994,0.33,116.946,4
3CKCZ9pfwAfoMZlMncA1Nc,Set Fire to the Rain,Adele,0.61,0.683,2,-3.879,0,0.0253,0.00382,1.79e-06,0.125,0.466,108.003,4
4exfI4lpJYg1qAqZL8w62q,Daydreamer,Adele,0.802,0.109,9,-13.215,1,0.0402,0.96,0.0,0.109,0.326,109.043,4
4kflIGfjdZJW4ot2ioixTB,Someone Like You,Adele,0.559,0.33,9,-8.251,1,0.0285,0.892,0.0,0.0975,0.285,135.109,4
48Uv1IplxtrA3UOp7KolVu,"Sori (From ""Mr. Sunshine [Original Television Soundtrack], Pt. 4"")",LEE SUHYUN,0.533,0.178,6,-9.952,1,0.0335,0.978,1.25e-05,0.0812,0.272,99.895,3
619BqiArColRhmckgCGoG3,Ruk Ja O Dil Deewane,Udit Narayan,0.623,0.749,11,-10.703,0,0.0697,0.694,0.000573,0.116,0.903,106.205,4
7jV2zwwRKvHoLA8WFr3SCN,Ho Gaya Hai Tujhko To Pyar Sajna,Lata Mangeshkar,0.489,0.575,7,-11.64,0,0.047,0.533,7.64e-06,0.238,0.579,100.212,4
1jTPgK0J8zKcdbD6qUoiN0,Fernando,Cher,0.404,0.663,9,-5.574,1,0.0271,0.484,0.0,0.251,0.569,111.03,4
3T5X9UDD29mFzJeRQtUfst,The Winner Takes It All,Cher,0.535,0.674,1,-7.037,0,0.0393,0.139,0.0,0.324,0.234,127.792,4
71EHULNBt1J1DJMpBQH3Xc,Chiquitita,Cher,0.651,0.64,7,-7.683,1,0.0364,0.555,2.15e-06,0.137,0.456,86.994,4
36NFNwyxi4cf0iClhWedeG,Oh Que Sera,Willie Colón,0.55,0.771,0,-6.107,1,0.0931,0.698,1.04e-06,0.0713,0.498,88.846,4
0g3iWDdTVFcM0EVIxAeeu5,Tiempo,Okills,0.624,0.811,0,-6.997,1,0.0308,0.177,1.86e-05,0.125,0.844,145.963,4
7llSV9mWATUeGNxJMik2Vg,"Lo Mejor, Lo Peor",Okills,0.645,0.844,1,-7.508,1,0.0274,0.0147,0.0,0.0419,0.971,135.992,4
3LueS3mbuB1yaJNN0Ale6U,Avant Gardener,Courtney Barnett,0.443,0.737,0,-4.509,1,0.0293,0.00149,0.0032,0.121,0.746,115.277,4
47Bg6IrMed1GPbxRgwH2aC,Best Friend,Rex Orange County,0.575,0.714,6,-5.247,1,0.0596,0.395,0.0,0.115,0.32,144.982,4
6TEG5tLQFyRUPJSQSnHDx4,El Perdedor,Aventura,0.78,0.581,5,-10.724,1,0.0342,0.299,0.0,0.134,0.886,128.041,4
217bRMES4HVbPdUe8l8ECN,El Malo,Aventura,0.812,0.506,1,-10.729,1,0.0533,0.143,0.0,0.132,0.701,125.941,4
1SaEt8dwTuLDzenUu5BqI6,Un Beso,Aventura,0.732,0.64,0,-9.859,1,0.0378,0.586,1.81e-05,0.104,0.715,125.015,4
6I86RF3odBlcuZA9Vfjzeq,Eres Mía,Romeo Santos,0.843,0.729,6,-3.634,0,0.0374,0.401,1.2e-06,0.206,0.903,123.046,4
2Bhmj4XK33InfhqKPxcJ1v,Dile al Amor,Aventura,0.825,0.605,11,-9.71,1,0.0376,0.0764,0.0,0.314,0.944,124.005,4
6bcdiJvYNX115yvbh3wASz,Cancioncitas de Amor,Romeo Santos,0.783,0.781,4,-3.079,1,0.0419,0.574,0.0,0.323,0.771,125.9,4
2hK9b82Etxmm14VXrOTzHm,Cuando Me Enamoro,Enrique Iglesias,0.824,0.799,1,-3.634,1,0.0275,0.0112,4.87e-05,0.0957,0.9,126.036,4
77uhiyzPjrQy8jA10PLcIB,Una Fotografia,Bonny Cepeda,0.591,0.816,9,-5.062,0,0.0297,0.591,1.12e-05,0.155,0.97,139.85,4
3gsCAGsWr6pUm1Vy7CPPob,Killing Me Softly With His Song,Roberta Flack,0.476,0.381,5,-10.238,0,0.0342,0.727,0.0,0.0614,0.33,121.948,4
1jJci4qxiYcOHhQR247rEU,Kids,MGMT,0.451,0.931,9,-3.871,1,0.0719,0.00076,0.0049,0.361,0.172,122.961,4
251PNRmJU9KcUnFQAB5t6I,Kal Ho Naa Ho,Shankar-Ehsaan-Loy,0.532,0.529,0,-8.402,1,0.0352,0.334,0.000144,0.078,0.295,81.989,4
5JFLXnWbJ0gsLFalPc5vpH,Lo Grande Que Es Perdonar,Vico C,0.629,0.842,9,-3.183,0,0.231,0.178,0.0,0.385,0.505,167.809,4
4km0RUkMMFdx8iDuq36o2w,Janam Janam,Pritam,0.301,0.581,11,-7.324,0,0.0422,0.602,0.0,0.0757,0.235,132.051,3
5A32KQZznC2HSqr9qzTl2N,Ahora Quien - Salsa Version,Marc Anthony,0.553,0.632,4,-4.837,0,0.0782,0.375,0.0,0.267,0.687,85.1,4
2GiJYvgVaD2HtM8GqD9EgQ,Electric Love,BØRNS,0.611,0.797,6,-7.627,0,0.0533,0.00543,0.00137,0.26,0.518,120.041,4
0JlPOiJFrlFnC5QHcLPyPV,Lovebug,Jonas Brothers,0.597,0.499,4,-6.216,1,0.0581,0.126,0.0,0.214,0.521,79.071,4
59JemC1a4KDC1WxNAt7Zpt,Tujhe Dekha To,Lata Mangeshkar,0.512,0.479,4,-10.765,0,0.0378,0.765,1.79e-05,0.0648,0.856,97.205,4
4AfLtSXcvG8AkfQjDR0gJ1,Zara Sa Jhoom Loon Main,Asha Bhosle,0.606,0.553,0,-12.537,0,0.0764,0.682,6.93e-05,0.191,0.868,130.657,4
7BFI9QZPQKgYuR2HhDgwbG,Royals,Lorde,0.674,0.428,7,-9.504,1,0.122,0.121,0.0,0.132,0.337,84.878,4
2fZQIJew3nkNe99s2PKzul,Bad Liar,Selena Gomez,0.965,0.414,1,-6.408,1,0.0713,0.189,0.0,0.0767,0.728,121.032,4
2WfaOiMkCvy7F5fcp2zZ8L,Take on Me,a-ha,0.573,0.902,6,-7.638,0,0.054,0.018,0.00125,0.0928,0.876,84.412,4
4fVdtkBSTaOuecdWKcXmRX,Careless Whisper,George Michael,0.575,0.634,2,-8.822,0,0.0348,0.144,1.68e-06,0.314,0.79,153.217,4
1pTGc8pwyo6xtgXBKCBcFn,Woman in Love,Barbra Streisand,0.469,0.278,3,-16.311,0,0.028,0.248,0.000126,0.133,0.331,169.735,4
7jicciytVTNBXYrIXHs3Hv,"Knowing Me, Knowing You",Jeremy Irvine,0.677,0.658,2,-7.909,1,0.0282,0.083,0.0,0.0617,0.681,107.97,4
4mtUOBfy2KjqTOPl7N8esR,Top Of The World,Carpenters,0.378,0.349,10,-12.918,1,0.0455,0.817,0.0,0.0999,0.663,184.428,4
6zeE5tKyr8Nu882DQhhSQI,Dust in the Wind,Kansas,0.475,0.322,7,-10.687,1,0.0283,0.367,0.00056,0.11,0.387,93.503,4
01MXkFA8sL7at6txavDErt,Making Love Out of Nothing at All,Air Supply,0.388,0.72,7,-5.541,1,0.033,0.202,0.000288,0.283,0.554,141.283,4
4RixtPhUXlci9ad4qIMj23,Kuch Kuch Hota Hai,Jatin-Lalit,0.547,0.554,7,-11.165,1,0.0374,0.602,0.000155,0.0735,0.848,91.386,4
450P2VKe3yrnlPPYUryAdL,I Could Love You More,The Miracals,0.62,0.477,5,-5.705,1,0.0354,0.158,3.23e-05,0.24,0.603,100.279,4
3kAwGo8mtUPsrctroxYLku,Sun,Two Door Cinema Club,0.649,0.533,4,-5.426,0,0.0284,0.00982,0.000364,0.111,0.611,96.973,4
0bfvHnWWOeU1U5XeKyVLbW,Can't Take My Eyes off You,Frankie Valli,0.581,0.78,4,-7.053,1,0.0567,0.508,1.07e-05,0.0799,0.561,123.711,4
2yDQVcj26tpi9IUJhw9xDs,My Eyes Adored You,Frankie Valli,0.461,0.499,11,-10.443,0,0.0316,0.238,0.0,0.135,0.387,137.687,4
4xxz2SWsCCvYokNTLri78c,Howl's Moving Castle Theme (From 'Howl's Moving Castle'),Anime Kei,0.258,0.18,7,-16.173,0,0.033,0.835,0.265,0.109,0.157,138.232,3
6IZIEhCq9crPjl2jGUvELS,Save It For A Rainy Day,The Jayhawks,0.632,0.757,11,-3.536,1,0.0267,0.278,0.0,0.358,0.718,124.805,4
31JODuTYqJlBdNaKVTyePi,Sin Otro Sentido,Lasso,0.723,0.779,11,-5.518,1,0.0459,0.346,0.0,0.12,0.761,94.483,4
5vA7qQbd1b54O9crShMoYO,No Pares De Bailar,Lasso,0.581,0.596,10,-4.706,0,0.031,0.0801,0.0,0.156,0.695,170.076,4
7iG17BHNVVEUr5gIiJX2xX,Te Veo,Lasso,0.62,0.66,6,-3.361,1,0.0299,0.253,0.0,0.0605,0.567,81.052,4
6K4t31amVTZDgR3sKmwUJJ,The Less I Know The Better,Tame Impala,0.64,0.74,4,-4.083,1,0.0284,0.0115,0.00678,0.167,0.785,116.879,4
2zyz614fJRrqQXW1q0sY1c,Girls,The 1975,0.662,0.911,11,-4.985,1,0.0531,0.00395,0.00125,0.473,0.898,108.025,4
06cCziAHtDg6pcsidZHu03,Robbers,The 1975,0.621,0.702,4,-6.845,1,0.0295,0.000332,1.49e-05,0.322,0.374,99.808,4
44Ljlpy44mHvLJxcYUvTK0,Chocolate,The 1975,0.591,0.94,11,-4.341,1,0.0522,0.00391,0.0,0.383,0.676,100.043,4
36pLU2ywVeBKEF0rrKtmCB,La La La,Naughty Boy,0.772,0.65,6,-5.202,0,0.0306,0.107,1.13e-06,0.0905,0.262,125.082,4
2xiOdusRnZezQok1RgLNeS,You Should Be Dancing,Bee Gees,0.681,0.716,0,-10.911,1,0.0333,0.0182,0.17,0.337,0.963,123.009,4
1ZPlNanZsJSPK5h9YZZFbZ,Like a Virgin,Madonna,0.771,0.655,3,-10.842,0,0.0372,0.152,0.00197,0.0685,0.97,119.747,4
5uogMVrrsisSarR4RO4E7K,No More Lonely Nights,Paul McCartney,0.317,0.31,5,-17.88,1,0.0332,0.0562,1.44e-05,0.16,0.501,172.81,4
1YwNlWLf8auhazSQUDQLFU,Enjoy the Silence - Single Mix,Depeche Mode,0.641,0.812,0,-7.945,0,0.0293,0.155,4.43e-05,0.078,0.822,112.777,4
7w87IxuO7BDcJ3YUqCyMTT,Pumped Up Kicks,Foster The People,0.733,0.71,5,-5.849,0,0.0292,0.145,0.115,0.0956,0.965,127.975,4
2DrXLmjCZ8ycMIPi2UTOg2,Up,The Score,0.626,0.427,4,-7.445,1,0.029,0.00339,0.0,0.0873,0.396,123.044,4
2ZBiHAwdeCnrKvXap6Yzef,Drive It Like You Stole It,Sing Street,0.523,0.848,10,-8.572,0,0.0402,0.00026,1.55e-05,0.198,0.778,169.927,4
7q1noAWVCguWhDjQXZc5CT,Coming Up Roses,Keira Knightley,0.477,0.766,1,-5.323,1,0.0511,0.0572,0.000109,0.32,0.575,141.375,4
0nrXQ2iKJFnPQYXZHKky9u,Tell Me If You Wanna Go Home,Keira Knightley,0.596,0.852,10,-5.544,1,0.0442,0.246,0.0,0.0743,0.412,143.079,4
0QpSOB1HV3ueiUjqkca8qK,Lost Stars,Adam Levine,0.498,0.583,0,-4.762,1,0.0274,0.105,0.0,0.0698,0.4,82.071,4
4SFVS7QHVFGxDYYp2ui7jV,Forever Summer Holiday,Kero Kero Bonito,0.669,0.865,6,-2.686,1,0.0386,0.137,1.47e-05,0.104,0.938,122.014,4
3AaiEsiqHO2ylnnOdWninE,Flamingo,Kero Kero Bonito,0.788,0.49,8,-6.287,1,0.511,0.313,0.0,0.0968,0.79,177.865,4
5G8YqJQ6oyPkxBSjpkCVRy,365 FRESH,Triple H,0.823,0.837,1,-4.533,1,0.0582,0.19,0.0,0.28,0.842,107.989,4
3US6iSyLP2uS07gjjU2ZkG,Heaven,The Walkmen,0.369,0.905,9,-6.25,1,0.0561,9.97e-05,0.191,0.125,0.535,157.998,4
5PycBIeabfvX3n9ILG7Vrv,Propuesta Indecente,Romeo Santos,0.757,0.632,2,-6.83,1,0.0549,0.499,0.0,0.0723,0.742,122.936,4
39N9RPD9MRb5WmoLzNzPeA,X,Nicky Jam,0.595,0.773,9,-4.736,0,0.0549,0.0364,0.00108,0.334,0.711,180.073,4
48XfojJC87VKLlUotYV0Gm,The Truth Untold,BTS,0.57,0.422,1,-7.561,0,0.0422,0.372,0.0,0.127,0.169,113.007,4
5SE57ljOIUJ1ybL9U6CuBH,DNA,BTS,0.598,0.775,1,-4.035,0,0.0545,0.022,0.0,0.0677,0.687,129.819,4
4TWHREp4wv0TmewqR6rgRd,STAY,BLACKPINK,0.628,0.433,1,-6.808,1,0.0383,0.569,7.71e-06,0.104,0.343,88.074,4
7HWmJ1wBecOAMNGjC6SmKE,WHISTLE,BLACKPINK,0.822,0.712,11,-4.877,1,0.15,0.00682,0.0,0.0955,0.647,102.874,4
7e7VjLxO5xJINHvnRytrqi,PLAYING WITH FIRE,BLACKPINK,0.707,0.758,4,-4.511,0,0.0917,0.0399,0.0,0.141,0.674,97.037,4
1Zyd6zQnC6XIIzmg3hP7Ot,As If It's Your Last,BLACKPINK,0.786,0.853,8,-2.687,1,0.0816,0.0688,0.0,0.0759,0.45,125.034,4
782ET7GKMVvNPBez4nsurW,FAKE LOVE (Rocking Vibe Mix),BTS,0.463,0.804,2,-4.009,0,0.0391,0.0573,0.0,0.432,0.352,154.913,4
4B2lJinAkeNLSJjcq3dg8Q,The Blower's Daughter,Damien Rice,0.342,0.2,4,-13.569,1,0.0324,0.134,0.000153,0.341,0.0743,133.113,4
6zJms3MX11Qu1IKF44LoRW,Us,Regina Spektor,0.217,0.305,1,-9.495,1,0.0321,0.885,0.00271,0.201,0.12,82.848,4
341863z079BT4EFPiSw9DP,The Call,Regina Spektor,0.58,0.101,10,-15.661,1,0.0289,0.934,0.000302,0.0768,0.302,91.003,3
1GcVa4jFySlun4jLSuMhiq,Angie - Remastered 2009,The Rolling Stones,0.429,0.554,9,-6.128,0,0.0291,0.67,0.000152,0.105,0.407,136.302,4
0CZ8lquoTX2Dkg7Ak2inwA,1950,King Princess,0.6,0.535,4,-7.043,1,0.107,0.648,4.7e-06,0.162,0.269,71.912,4
5PX22HHPaYTroIKEEUwyfc,Electricidad,Lucero,0.712,0.459,1,-13.741,0,0.0264,0.072,0.0,0.076,0.408,109.789,4
7Hz9nN6VKAUmnTwjRa18kD,Piel de Angel,Camilo Sesto,0.43,0.559,11,-5.175,1,0.0362,0.557,0.0,0.243,0.432,74.783,4
2f14Vwn28w1soYnolluueL,Young Folks,Peter Bjorn and John,0.672,0.857,0,-4.915,1,0.038,0.0128,0.0009,0.16,0.685,138.153,4
2ruM0X7KvWUEejg2IZm1mI,There’s A Beast And We All Feed It,Jake Bugg,0.658,0.839,9,-4.471,1,0.0622,0.141,0.0,0.351,0.754,119.296,4
5ftdTvmQjjsL23t7jxADfI,Brazil,Declan McKenna,0.689,0.617,4,-5.196,1,0.029,0.0918,2.08e-05,0.0816,0.682,121.062,4
4hh1lvWiUaLMOcVXhyK6TA,Dear To Me,Electric Guest,0.73,0.573,1,-7.009,1,0.0375,0.0508,0.0472,0.062,0.6,117.692,4
6T5UMetPqrN3YKK2oNZnr3,SOS,ABBA,0.416,0.698,5,-5.572,1,0.0282,0.264,0.00364,0.333,0.561,124.867,4
2goLsvvODILDzeeiT4dAoR,Believe,Cher,0.652,0.917,6,-6.72,1,0.0548,0.0082,0.0,0.0509,0.459,132.975,4
4g5LUzHFRr4Zlok8KzERmI,Chiquitita,ABBA,0.526,0.555,9,-8.08,1,0.0338,0.701,6.69e-06,0.299,0.38,84.088,4
2nMghZvtLx6DDgTEHEsb4w,Super Trouper,ABBA,0.764,0.626,0,-8.274,1,0.0288,0.457,6.35e-06,0.172,0.961,118.324,4
0RzhMHIsFMbOGh0oWDvNNK,Waterloo,ABBA,0.441,0.926,2,-4.736,1,0.046,0.423,3.38e-06,0.235,0.779,147.564,4
6vQN2a9QSgWcm74KEZYfDL,Take A Chance On Me,ABBA,0.685,0.685,11,-8.103,1,0.0254,0.173,0.0,0.201,0.925,106.987,4
2HeTmGTjl870ucJ8mF7zl5,The Winner Takes It All,ABBA,0.457,0.785,6,-6.783,1,0.0383,0.548,0.000781,0.082,0.522,126.947,4
22NN4BS1AlqVbyKIWExgON,Mamma Mia,ABBA,0.75,0.754,2,-6.999,1,0.0327,0.287,0.000207,0.444,0.83,137.533,4
4NtUY5IGzHCaqfZemmAu56,Dancing Queen,ABBA,0.539,0.884,9,-6.53,1,0.0403,0.382,0.00166,0.76,0.752,100.812,4
2PzCOP5Aj9SABiBgNEZ52G,Gimme! Gimme! Gimme! (A Man After Midnight),ABBA,0.747,0.492,10,-9.616,1,0.04,0.0163,0.00897,0.224,0.533,119.531,4
1CK7tnXhsr0Br5ZzbZdBzh,Deewana Hai Dekho,Sandesh Shandilya,0.779,0.792,7,-5.619,1,0.174,0.167,1.92e-06,0.13,0.593,103.009,4
1uzkWkIaWaxzHJgJ4Fy5rO,Bole Chudiyan,Jatin-Lalit,0.59,0.875,5,-5.294,1,0.171,0.45,1.16e-05,0.164,0.737,96.915,4
6SDH3mp9sQCNJDfDDpQTTo,You Are My Soniya,Sandesh Shandilya,0.853,0.784,8,-6.08,1,0.0621,0.29,0.0,0.0589,0.785,106.045,4
0mWtcNIAL9jITVHl3F2SQF,Suraj Hua Maddham,Sandesh Shandilya,0.633,0.691,5,-5.851,1,0.0557,0.329,0.000211,0.134,0.57,80.002,4
19GsJOvgLVujgxcnDVd8FB,I Have A Dream,Lily James,0.525,0.319,0,-12.566,1,0.0248,0.738,0.0,0.251,0.508,104.035,4
35bidZYpUmUyimy65AsR5a,"Frío, Frío - En Vivo Estadio Olímpico De República Dominicana/2012",Juan Luis Guerra 4.40,0.591,0.844,11,-2.821,1,0.0379,0.737,3.06e-06,0.952,0.538,125.361,4
7bFmXanwZQm6BMV9Nka6Hk,Our Last Summer - From 'Mamma Mia!' Original Motion Picture Soundtrack,Colin Firth,0.635,0.459,7,-7.343,1,0.0244,0.246,0.0,0.259,0.433,96.056,4
2Aqc48sn8He26hmTvQ2BMj,Hey,Pixies,0.59,0.317,7,-15.014,1,0.0307,0.000877,0.000867,0.0745,0.33,99.81,4
6fR2T8yJcoOygQddq4JbYB,Mi Eterno Amor Secreto,Marco Antonio Solís,0.504,0.471,0,-7.23,1,0.0294,0.0826,2.06e-05,0.165,0.372,142.928,3
3f3eX1P1jcRAmnBggOCRo3,Recuérdame,Carlos Rivera,0.463,0.583,6,-7.536,1,0.034,0.13,3.02e-06,0.379,0.398,80.071,4
4X99feVnw46VIk2VNqWWL3,Catch & Release - Deepend Remix,Matt Simons,0.834,0.55,1,-8.622,0,0.0451,0.488,0.000476,0.109,0.142,105.008,4
2MvvoeRt8NcOXWESkxWn3g,Ribs,Lorde,0.511,0.472,4,-9.277,1,0.091,0.534,0.614,0.11,0.0399,127.978,4
30FURVTCpbKyykjSEQzGkH,Back To Black,Amy Winehouse,0.49,0.725,10,-3.304,1,0.0392,0.123,2.68e-05,0.0983,0.335,123.28,4
4zQuwW24dweWcaX0fEJkP2,You Know I'm No Good,Amy Winehouse,0.705,0.806,9,-3.607,1,0.0309,0.0132,0.00428,0.0701,0.734,103.383,4
5it9RIRXDwiLpJKdce6Z7e,Valerie - BBC Radio 1 Live Lounge,Amy Winehouse,0.758,0.304,5,-8.092,0,0.0373,0.734,3.72e-06,0.167,0.647,96.117,4
4RvWPyQ5RL0ao9LPZeSouE,Everybody Wants To Rule The World,Tears For Fears,0.645,0.795,7,-12.095,1,0.0527,0.347,0.00389,0.104,0.535,112.067,4
3FCto7hnn1shUyZL42YgfO,Piano Man,Billy Joel,0.334,0.472,0,-8.791,1,0.0277,0.6,3.62e-06,0.317,0.431,179.173,3
1kfrnPViuzKdNwmH21ehLg,Romeo And Juliet,The Killers,0.611,0.397,9,-8.47,1,0.0266,0.43,8.89e-06,0.239,0.347,84.359,4
5SxkdsY1ufZzoq9iXceLw9,no tears left to cry,Ariana Grande,0.703,0.696,0,-5.482,1,0.0529,0.0375,5.65e-06,0.274,0.366,121.969,4
5tFMuAw6X2R4NLx97g7n9q,Primadonna,MARINA,0.66,0.689,4,-2.671,0,0.0337,0.0884,0.0,0.0922,0.427,127.98,4
3JvTWWbauZ4hyVrT2OsePb,Hollywood - Single Version,MARINA,0.565,0.817,0,-5.84,1,0.0292,0.00271,0.0,0.483,0.737,122.969,4
1YLJVmuzeM2YSUkCCaTNUB,Dog Days Are Over,Florence + The Machine,0.492,0.81,7,-5.315,1,0.0847,0.0416,0.00379,0.117,0.245,149.954,4
1jy0RbDHyBMTupSdc98XbG,How Can You Mend A Broken Heart,Bee Gees,0.335,0.262,4,-13.832,1,0.0393,0.548,0.0,0.0971,0.203,68.82,4
4lY95OMGb9WxP6IYut64ir,Shake It Out,Florence + The Machine,0.527,0.804,10,-4.168,1,0.0358,0.0104,0.0,0.105,0.221,107.486,4
5EzitieoPnjyKHAq0gfRMa,Ko Ko Bop,EXO,0.749,0.85,0,-4.346,1,0.0468,0.0319,4.81e-05,0.0678,0.672,145.983,4
3yidJEcKZiea7rghS3HeZv,Hablame Suavemente,Rudy Marquez,0.272,0.476,10,-7.577,0,0.0359,0.586,0.0,0.188,0.382,71.074,4
4IGXfhZYM3gFQVcNtWQ9pB,My Favorite Things,Julie Andrews,0.622,0.247,1,-12.472,1,0.0762,0.87,0.0,0.161,0.627,114.591,4
2SK1kGbpABI9EyUbADSP5z,"Touch-A, Touch-A, Touch Me",Susan Sarandon,0.355,0.351,1,-13.572,1,0.0621,0.16,0.0,0.109,0.431,171.896,4
0szh331wkGbfgwlwzBJklY,Dammit Janet,Susan Sarandon,0.486,0.41,10,-13.423,1,0.123,0.167,7.19e-06,0.245,0.502,154.043,4
0VNzEY1G4GLqcNx5qaaTl6,Vincent,Don McLean,0.419,0.085,7,-19.387,1,0.0362,0.908,5.33e-06,0.34,0.458,91.509,3
36dRGk4xB4VlCdaB0eagnH,La Vie En Rose,Cristin Milioti,0.648,0.16,7,-9.795,1,0.254,0.934,0.0,0.0727,0.597,79.852,1
1xeRQatpqhPYnZUEt86dYB,Let Your Heart Hold Fast,Fort Atlantic,0.469,0.461,5,-7.578,1,0.0275,0.141,0.000185,0.153,0.464,133.963,4
2Rn2OOdxoiuKJEy8Fy2pJW,If the Hudson Overflows,Goldspot,0.539,0.653,4,-8.096,1,0.0303,0.0303,0.0063,0.0942,0.363,156.935,4
4o0NjemqhmsYLIMwlcosvW,The Funeral,Band of Horses,0.316,0.769,0,-5.283,0,0.0422,0.0142,0.0,0.0928,0.127,122.507,4
5nHRIKsXDwUpse9gzrAxLR,Oxford Comma,Vampire Weekend,0.692,0.717,0,-4.226,1,0.0498,0.111,0.00123,0.044,0.973,119.907,4
2RF1LA6o1LD75ppnyGGLcZ,Prime Time - Live,Alan Parsons,0.433,0.785,2,-8.296,0,0.0514,0.436,0.000503,0.978,0.4,130.881,4
52VIdyKqp1pJRSyUQaxKUA,Everything I Own,Bread,0.365,0.338,2,-13.406,1,0.0322,0.735,0.0,0.104,0.446,79.241,4
1XwAKjAZ1xDZOcuyZoqce4,Moon River (From Breakfast at Tiffany's) [Remastered],Audrey Hepburn,0.381,0.0251,10,-19.128,1,0.0327,0.935,0.00109,0.099,0.173,85.968,3
0djZ2ndRfAL69WYNra5jRC,April Come She Will,Simon & Garfunkel,0.489,0.186,9,-16.237,1,0.029,0.863,0.000152,0.2,0.349,102.245,4
5ZEMPZdUIiJSxT4gIJOIpB,Aubrey,Bread,0.326,0.0902,7,-20.588,1,0.0344,0.647,0.00091,0.198,0.218,137.611,4
63CHa6rmamv9OsehkRD8oz,Against All Odds (Take a Look at Me Now) - 2016 Remaster,Phil Collins,0.58,0.498,1,-6.901,1,0.0277,0.198,0.0,0.132,0.111,116.271,4
2LkaNhCrNVmcYgXJeLVmsw,The Sound of Silence,Simon & Garfunkel,0.435,0.456,6,-10.305,1,0.0279,0.136,1.62e-06,0.124,0.529,107.529,4
0iOZM63lendWRTTeKhZBSC,"Mrs. Robinson - From ""The Graduate"" Soundtrack",Simon & Garfunkel,0.606,0.457,6,-14.035,0,0.0497,0.713,2.53e-05,0.0747,0.813,92.033,4
1mKXFLRA179hdOWQBwUk9e,Just Give Me a Reason (feat. Nate Ruess),P!nk,0.778,0.547,2,-7.273,1,0.0489,0.346,0.000302,0.132,0.441,95.002,4
0bZ52QzCCKfrfOqs7za6lI,Cherry Wine - Live,Hozier,0.415,0.11,1,-14.901,1,0.0388,0.951,0.00234,0.0962,0.234,81.876,4
2dQUWHoHEwFVJBQwPhNWRj,Setting Suns,Passenger,0.617,0.195,10,-13.667,1,0.0402,0.67,3.41e-05,0.16,0.29,115.773,4
6PUIzlqotEmPuBfjbwYWOB,Summertime Sadness (Lana Del Rey Vs. Cedric Gervais) - Cedric Gervais Remix,Lana Del Rey,0.572,0.81,1,-5.791,0,0.0558,0.0157,6.53e-06,0.13,0.11,126.052,4
2cGxRwrMyEAp8dEbuZaVv6,Instant Crush (feat. Julian Casablancas),Daft Punk,0.775,0.585,10,-9.516,0,0.0271,0.0422,0.619,0.077,0.518,109.942,4
1DQrPZrUcoHteMEt69XTeW,Rewind,Goldspot,0.657,0.752,11,-5.139,1,0.0297,0.0844,3.7e-06,0.0661,0.564,124.699,3
